-- MySQL dump 10.13  Distrib 8.4.2, for macos14 (arm64)
--
-- Host: 127.0.0.1    Database: db_blog_and_bbs
-- ------------------------------------------------------
-- Server version	8.4.2

/*!40101 SET @OLD_CHARACTER_SET_CLIENT=@@CHARACTER_SET_CLIENT */;
/*!40101 SET @OLD_CHARACTER_SET_RESULTS=@@CHARACTER_SET_RESULTS */;
/*!40101 SET @OLD_COLLATION_CONNECTION=@@COLLATION_CONNECTION */;
/*!50503 SET NAMES utf8mb4 */;
/*!40103 SET @OLD_TIME_ZONE=@@TIME_ZONE */;
/*!40103 SET TIME_ZONE='+00:00' */;
/*!40014 SET @OLD_UNIQUE_CHECKS=@@UNIQUE_CHECKS, UNIQUE_CHECKS=0 */;
/*!40014 SET @OLD_FOREIGN_KEY_CHECKS=@@FOREIGN_KEY_CHECKS, FOREIGN_KEY_CHECKS=0 */;
/*!40101 SET @OLD_SQL_MODE=@@SQL_MODE, SQL_MODE='NO_AUTO_VALUE_ON_ZERO' */;
/*!40111 SET @OLD_SQL_NOTES=@@SQL_NOTES, SQL_NOTES=0 */;

--
-- Table structure for table `article`
--

DROP TABLE IF EXISTS `article`;
/*!40101 SET @saved_cs_client     = @@character_set_client */;
/*!50503 SET character_set_client = utf8mb4 */;
CREATE TABLE `article` (
  `id` char(8) NOT NULL DEFAULT '' COMMENT 'Article ID',
  `title` varchar(64) NOT NULL DEFAULT '' COMMENT 'Article title',
  `user_id` char(8) NOT NULL DEFAULT '' COMMENT 'ID of the user who authored the article',
  `summary` varchar(128) NOT NULL DEFAULT '' COMMENT 'Article summary',
  `content_html` longtext COMMENT 'Article content (HTML)',
  `content_markdown` longtext COMMENT 'Article content (markdown)',
  `create_time` datetime NOT NULL COMMENT 'Article creation time',
  `update_time` datetime NOT NULL COMMENT 'Article update time',
  `type` int NOT NULL DEFAULT '1' COMMENT 'Article type: 1=Blog; 2=Q&A',
  `view_num` int NOT NULL DEFAULT '0' COMMENT 'Number of views',
  `collect_num` int NOT NULL DEFAULT '0' COMMENT 'Number of times collected',
  `like_num` int NOT NULL DEFAULT '0' COMMENT 'Number of likes',
  `comment_num` int NOT NULL DEFAULT '0' COMMENT 'Number of comments',
  `state` int NOT NULL DEFAULT '6' COMMENT 'Article status: 1=Pending review; 2=Unresolved; 3=Resolved; 4=Approved; 5=Not approved; 6=Draft',
  `category_id` char(8) NOT NULL DEFAULT '' COMMENT 'Category ID',
  `top` int NOT NULL DEFAULT '1' COMMENT 'Is pinned: 1=No; 2=Yes',
  `official` int NOT NULL DEFAULT '1' COMMENT 'Is official: 1=No; 2=Yes',
  `essence` int NOT NULL DEFAULT '1' COMMENT 'Is featured: 1=No; 2=Yes',
  PRIMARY KEY (`id`)
) ENGINE=InnoDB DEFAULT CHARSET=utf8mb3;
/*!40101 SET character_set_client = @saved_cs_client */;

--
-- Dumping data for table `article`
--

LOCK TABLES `article` WRITE;
/*!40000 ALTER TABLE `article` DISABLE KEYS */;
INSERT INTO `article` VALUES ('5HLcEkTi','Lock Mechanisms in Java','yt5vZRHN','Lock Mechanisms in Java','<h1 id=\"understanding-lock-mechanisms-in-java-concurrent-programming-performance-and-best-practices\">Understanding Lock Mechanisms in Java Concurrent Programming: Performance and Best Practices</h1>\n<h2 id=\"introduction\">Introduction</h2>\n<p>Hello Java experts,</p>\n<p>I&#39;m working on optimizing a high-throughput financial transaction system, and I&#39;m facing some challenges with lock contention in our concurrent processing components. I&#39;ve been researching various locking mechanisms in Java, but I&#39;m struggling to understand which approach would be most appropriate for our specific use case.</p>\n<h2 id=\"current-implementation\">Current Implementation</h2>\n<p>Our system currently uses a mixture of synchronization approaches:</p>\n<pre><code class=\"language-java\"><span class=\"hljs-comment\">// Some methods use synchronized keyword</span>\n<span class=\"hljs-keyword\">public</span> <span class=\"hljs-keyword\">synchronized</span> <span class=\"hljs-keyword\">void</span> <span class=\"hljs-title function_\">processTransaction</span><span class=\"hljs-params\">(Transaction tx)</span> {\n    <span class=\"hljs-comment\">// Processing logic</span>\n    account.updateBalance(tx.getAmount());\n    <span class=\"hljs-comment\">// More processing...</span>\n}\n\n<span class=\"hljs-comment\">// Others use explicit ReentrantLocks</span>\n<span class=\"hljs-keyword\">private</span> <span class=\"hljs-keyword\">final</span> <span class=\"hljs-type\">ReentrantLock</span> <span class=\"hljs-variable\">lock</span> <span class=\"hljs-operator\">=</span> <span class=\"hljs-keyword\">new</span> <span class=\"hljs-title class_\">ReentrantLock</span>();\n\n<span class=\"hljs-keyword\">public</span> <span class=\"hljs-keyword\">void</span> <span class=\"hljs-title function_\">updateUserProfile</span><span class=\"hljs-params\">(UserProfile profile)</span> {\n    lock.lock();\n    <span class=\"hljs-keyword\">try</span> {\n        <span class=\"hljs-comment\">// Update logic</span>\n        profile.setLastUpdated(System.currentTimeMillis());\n        <span class=\"hljs-comment\">// More updates...</span>\n    } <span class=\"hljs-keyword\">finally</span> {\n        lock.unlock();\n    }\n}\n</code></pre>\n<p>We&#39;re experiencing performance bottlenecks, especially during peak hours when we have thousands of concurrent requests.</p>\n<h2 id=\"my-questions\">My Questions</h2>\n<ol>\n<li><p><strong>Performance differences</strong>: What are the actual performance differences between the various lock implementations in Java (synchronized, ReentrantLock, ReadWriteLock, StampedLock)? Are there benchmarks or metrics that could guide my decision?</p>\n</li>\n<li><p><strong>Lock granularity</strong>: I&#39;ve read about fine-grained vs. coarse-grained locking. Our current approach locks entire methods/objects. Would it be better to implement more fine-grained locking on specific fields or operations? What are the trade-offs?</p>\n</li>\n<li><p><strong>ReadWriteLock vs. StampedLock</strong>: Our application has a read-heavy workload (about 80% reads, 20% writes). Would ReadWriteLock or the newer StampedLock be more appropriate? I&#39;m particularly interested in understanding when optimistic reading in StampedLock becomes advantageous.</p>\n</li>\n<li><p><strong>Lock-free alternatives</strong>: Are there scenarios where we should completely avoid locks and use atomic variables, ConcurrentHashMap, or other non-blocking structures instead? How do I identify these scenarios?</p>\n</li>\n<li><p><strong>Deadlock prevention</strong>: We&#39;ve encountered a few deadlock situations in production. Besides always acquiring locks in the same order, what other strategies or best practices should we implement to prevent deadlocks?</p>\n</li>\n<li><p><strong>Lock timeouts</strong>: Is it advisable to use tryLock() with timeouts in a production environment? What&#39;s a reasonable timeout value, and how should failed lock acquisitions be handled?</p>\n</li>\n<li><p><strong>Monitoring lock contention</strong>: What tools or techniques can help us identify lock contention hotspots in our application? We&#39;re using JDK 17 if that&#39;s relevant.</p>\n</li>\n</ol>\n<h2 id=\"specific-use-case-example\">Specific Use Case Example</h2>\n<p>Here&#39;s a simplified example of one of our most contended code paths:</p>\n<pre><code class=\"language-java\"><span class=\"hljs-keyword\">public</span> <span class=\"hljs-keyword\">class</span> <span class=\"hljs-title class_\">AccountService</span> {\n    <span class=\"hljs-keyword\">private</span> <span class=\"hljs-keyword\">final</span> Map&lt;String, Account&gt; accounts = <span class=\"hljs-keyword\">new</span> <span class=\"hljs-title class_\">ConcurrentHashMap</span>&lt;&gt;();\n    <span class=\"hljs-keyword\">private</span> <span class=\"hljs-keyword\">final</span> <span class=\"hljs-type\">TransactionLogger</span> <span class=\"hljs-variable\">logger</span> <span class=\"hljs-operator\">=</span> <span class=\"hljs-keyword\">new</span> <span class=\"hljs-title class_\">TransactionLogger</span>();\n    \n    <span class=\"hljs-keyword\">public</span> <span class=\"hljs-keyword\">void</span> <span class=\"hljs-title function_\">transfer</span><span class=\"hljs-params\">(String fromId, String toId, BigDecimal amount)</span> {\n        <span class=\"hljs-type\">Account</span> <span class=\"hljs-variable\">fromAccount</span> <span class=\"hljs-operator\">=</span> accounts.get(fromId);\n        <span class=\"hljs-type\">Account</span> <span class=\"hljs-variable\">toAccount</span> <span class=\"hljs-operator\">=</span> accounts.get(toId);\n        \n        <span class=\"hljs-keyword\">synchronized</span>(fromAccount) {\n            <span class=\"hljs-keyword\">synchronized</span>(toAccount) {\n                <span class=\"hljs-keyword\">if</span> (fromAccount.getBalance().compareTo(amount) &lt; <span class=\"hljs-number\">0</span>) {\n                    <span class=\"hljs-keyword\">throw</span> <span class=\"hljs-keyword\">new</span> <span class=\"hljs-title class_\">InsufficientFundsException</span>();\n                }\n                \n                fromAccount.debit(amount);\n                logger.logDebit(fromId, amount);\n                \n                toAccount.credit(amount);\n                logger.logCredit(toId, amount);\n            }\n        }\n    }\n}\n</code></pre>\n<p>This works but causes contention when multiple threads try to access the same accounts. I suspect we might be holding locks longer than necessary, especially during the logging operations.</p>\n<h2 id=\"what-ive-tried-so-far\">What I&#39;ve Tried So Far</h2>\n<ol>\n<li>I&#39;ve experimented with replacing <code>synchronized</code> blocks with ReentrantLocks</li>\n<li>Tried implementing a simple read-write lock pattern for account access</li>\n<li>Attempted to reduce the lock scope by moving non-critical operations outside the locked sections</li>\n</ol>\n<p>None of these approaches have significantly improved performance, which makes me wonder if I&#39;m missing something fundamental about lock optimization in Java.</p>\n<p>I appreciate any insights, best practices, or resources you can share. Thanks in advance for your help!</p>\n','# Understanding Lock Mechanisms in Java Concurrent Programming: Performance and Best Practices\n\n## Introduction\n\nHello Java experts,\n\nI\'m working on optimizing a high-throughput financial transaction system, and I\'m facing some challenges with lock contention in our concurrent processing components. I\'ve been researching various locking mechanisms in Java, but I\'m struggling to understand which approach would be most appropriate for our specific use case.\n\n## Current Implementation\n\nOur system currently uses a mixture of synchronization approaches:\n\n```java\n// Some methods use synchronized keyword\npublic synchronized void processTransaction(Transaction tx) {\n    // Processing logic\n    account.updateBalance(tx.getAmount());\n    // More processing...\n}\n\n// Others use explicit ReentrantLocks\nprivate final ReentrantLock lock = new ReentrantLock();\n\npublic void updateUserProfile(UserProfile profile) {\n    lock.lock();\n    try {\n        // Update logic\n        profile.setLastUpdated(System.currentTimeMillis());\n        // More updates...\n    } finally {\n        lock.unlock();\n    }\n}\n```\n\nWe\'re experiencing performance bottlenecks, especially during peak hours when we have thousands of concurrent requests.\n\n## My Questions\n\n1. **Performance differences**: What are the actual performance differences between the various lock implementations in Java (synchronized, ReentrantLock, ReadWriteLock, StampedLock)? Are there benchmarks or metrics that could guide my decision?\n\n2. **Lock granularity**: I\'ve read about fine-grained vs. coarse-grained locking. Our current approach locks entire methods/objects. Would it be better to implement more fine-grained locking on specific fields or operations? What are the trade-offs?\n\n3. **ReadWriteLock vs. StampedLock**: Our application has a read-heavy workload (about 80% reads, 20% writes). Would ReadWriteLock or the newer StampedLock be more appropriate? I\'m particularly interested in understanding when optimistic reading in StampedLock becomes advantageous.\n\n4. **Lock-free alternatives**: Are there scenarios where we should completely avoid locks and use atomic variables, ConcurrentHashMap, or other non-blocking structures instead? How do I identify these scenarios?\n\n5. **Deadlock prevention**: We\'ve encountered a few deadlock situations in production. Besides always acquiring locks in the same order, what other strategies or best practices should we implement to prevent deadlocks?\n\n6. **Lock timeouts**: Is it advisable to use tryLock() with timeouts in a production environment? What\'s a reasonable timeout value, and how should failed lock acquisitions be handled?\n\n7. **Monitoring lock contention**: What tools or techniques can help us identify lock contention hotspots in our application? We\'re using JDK 17 if that\'s relevant.\n\n## Specific Use Case Example\n\nHere\'s a simplified example of one of our most contended code paths:\n\n```java\npublic class AccountService {\n    private final Map<String, Account> accounts = new ConcurrentHashMap<>();\n    private final TransactionLogger logger = new TransactionLogger();\n    \n    public void transfer(String fromId, String toId, BigDecimal amount) {\n        Account fromAccount = accounts.get(fromId);\n        Account toAccount = accounts.get(toId);\n        \n        synchronized(fromAccount) {\n            synchronized(toAccount) {\n                if (fromAccount.getBalance().compareTo(amount) < 0) {\n                    throw new InsufficientFundsException();\n                }\n                \n                fromAccount.debit(amount);\n                logger.logDebit(fromId, amount);\n                \n                toAccount.credit(amount);\n                logger.logCredit(toId, amount);\n            }\n        }\n    }\n}\n```\n\nThis works but causes contention when multiple threads try to access the same accounts. I suspect we might be holding locks longer than necessary, especially during the logging operations.\n\n## What I\'ve Tried So Far\n\n1. I\'ve experimented with replacing `synchronized` blocks with ReentrantLocks\n2. Tried implementing a simple read-write lock pattern for account access\n3. Attempted to reduce the lock scope by moving non-critical operations outside the locked sections\n\nNone of these approaches have significantly improved performance, which makes me wonder if I\'m missing something fundamental about lock optimization in Java.\n\nI appreciate any insights, best practices, or resources you can share. Thanks in advance for your help!','2025-04-26 13:25:44','2025-04-26 13:25:44',2,0,0,0,0,2,'2GBLELNi',0,0,1),('AyqEbja8','Understanding MySQL Isolation Levels','ydETHfgX','Understanding MySQL Isolation Levels','<h1 id=\"understanding-mysql-isolation-levels-balancing-data-consistency-and-performance\">Understanding MySQL Isolation Levels: Balancing Data Consistency and Performance</h1>\n<p>In database systems, particularly in MySQL, transaction isolation is a critical concept that ensures data integrity while managing concurrent access. This article explores MySQL&#39;s isolation levels, their characteristics, and how to choose the right one for your specific use case.</p>\n<h2 id=\"what-are-transaction-isolation-levels\">What are Transaction Isolation Levels?</h2>\n<p>Transaction isolation levels define how data modified by one transaction affects other concurrent transactions. They determine whether changes made by one transaction are visible to other transactions before the first transaction completes.</p>\n<p>MySQL implements the four standard isolation levels defined in the SQL standard:</p>\n<ol>\n<li>READ UNCOMMITTED</li>\n<li>READ COMMITTED</li>\n<li>REPEATABLE READ (MySQL&#39;s default)</li>\n<li>SERIALIZABLE</li>\n</ol>\n<p>Each level provides different trade-offs between consistency and performance.</p>\n<h2 id=\"read-uncommitted\">READ UNCOMMITTED</h2>\n<p>This is the lowest isolation level, offering maximum concurrency but minimal data protection.</p>\n<h3 id=\"characteristics\">Characteristics:</h3>\n<ul>\n<li>Transactions can see uncommitted changes made by other transactions (dirty reads)</li>\n<li>No locks on SELECT operations</li>\n<li>Highest performance, lowest consistency guarantees</li>\n</ul>\n<h3 id=\"example\">Example:</h3>\n<pre><code class=\"language-sql\"><span class=\"hljs-comment\">-- Session 1</span>\n<span class=\"hljs-keyword\">SET</span> SESSION TRANSACTION ISOLATION LEVEL READ UNCOMMITTED;\n<span class=\"hljs-keyword\">START</span> TRANSACTION;\n<span class=\"hljs-comment\">-- Session 1 can see uncommitted changes from Session 2</span>\n</code></pre>\n<h3 id=\"use-cases\">Use Cases:</h3>\n<ul>\n<li>Reporting systems where absolute accuracy isn&#39;t critical</li>\n<li>Scenarios where performance is paramount and some data inconsistency is acceptable</li>\n<li>Data analytics where approximate values are sufficient</li>\n</ul>\n<h2 id=\"read-committed\">READ COMMITTED</h2>\n<p>This level prevents dirty reads but allows non-repeatable reads and phantom reads.</p>\n<h3 id=\"characteristics-1\">Characteristics:</h3>\n<ul>\n<li>Transactions can only see committed changes from other transactions</li>\n<li>Each SELECT gets its own snapshot of committed data</li>\n<li>Prevents dirty reads, but allows non-repeatable reads and phantom reads</li>\n</ul>\n<h3 id=\"example-1\">Example:</h3>\n<pre><code class=\"language-sql\"><span class=\"hljs-comment\">-- Session 1</span>\n<span class=\"hljs-keyword\">SET</span> SESSION TRANSACTION ISOLATION LEVEL READ COMMITTED;\n<span class=\"hljs-keyword\">START</span> TRANSACTION;\n<span class=\"hljs-keyword\">SELECT</span> <span class=\"hljs-operator\">*</span> <span class=\"hljs-keyword\">FROM</span> accounts <span class=\"hljs-keyword\">WHERE</span> user_id <span class=\"hljs-operator\">=</span> <span class=\"hljs-number\">100</span>; <span class=\"hljs-comment\">-- Balance: $1000</span>\n\n<span class=\"hljs-comment\">-- Session 2</span>\n<span class=\"hljs-keyword\">UPDATE</span> accounts <span class=\"hljs-keyword\">SET</span> balance <span class=\"hljs-operator\">=</span> <span class=\"hljs-number\">1500</span> <span class=\"hljs-keyword\">WHERE</span> user_id <span class=\"hljs-operator\">=</span> <span class=\"hljs-number\">100</span>;\n<span class=\"hljs-keyword\">COMMIT</span>;\n\n<span class=\"hljs-comment\">-- Session 1 (same transaction)</span>\n<span class=\"hljs-keyword\">SELECT</span> <span class=\"hljs-operator\">*</span> <span class=\"hljs-keyword\">FROM</span> accounts <span class=\"hljs-keyword\">WHERE</span> user_id <span class=\"hljs-operator\">=</span> <span class=\"hljs-number\">100</span>; <span class=\"hljs-comment\">-- Now shows Balance: $1500</span>\n<span class=\"hljs-comment\">-- This is a non-repeatable read</span>\n</code></pre>\n<h3 id=\"use-cases-1\">Use Cases:</h3>\n<ul>\n<li>Systems where dirty reads must be prevented</li>\n<li>Applications with moderate concurrency requirements</li>\n<li>Most web applications where row-level consistency is sufficient</li>\n</ul>\n<h2 id=\"repeatable-read\">REPEATABLE READ</h2>\n<p>This is MySQL&#39;s default isolation level and the foundation of InnoDB&#39;s MVCC (Multi-Version Concurrency Control) implementation.</p>\n<h3 id=\"characteristics-2\">Characteristics:</h3>\n<ul>\n<li>Transactions see a consistent snapshot of the data throughout the transaction</li>\n<li>Prevents both dirty reads and non-repeatable reads</li>\n<li>In MySQL/InnoDB, also prevents most phantom reads (unlike standard SQL)</li>\n<li>Uses gap locks to prevent phantom reads</li>\n</ul>\n<h3 id=\"example-2\">Example:</h3>\n<pre><code class=\"language-sql\"><span class=\"hljs-comment\">-- Session 1</span>\n<span class=\"hljs-keyword\">SET</span> SESSION TRANSACTION ISOLATION LEVEL REPEATABLE READ;\n<span class=\"hljs-keyword\">START</span> TRANSACTION;\n<span class=\"hljs-keyword\">SELECT</span> <span class=\"hljs-operator\">*</span> <span class=\"hljs-keyword\">FROM</span> accounts <span class=\"hljs-keyword\">WHERE</span> balance <span class=\"hljs-keyword\">BETWEEN</span> <span class=\"hljs-number\">1000</span> <span class=\"hljs-keyword\">AND</span> <span class=\"hljs-number\">2000</span>; <span class=\"hljs-comment\">-- Shows 5 rows</span>\n\n<span class=\"hljs-comment\">-- Session 2</span>\n<span class=\"hljs-keyword\">INSERT INTO</span> accounts (user_id, balance) <span class=\"hljs-keyword\">VALUES</span> (<span class=\"hljs-number\">500</span>, <span class=\"hljs-number\">1500</span>);\n<span class=\"hljs-keyword\">COMMIT</span>;\n\n<span class=\"hljs-comment\">-- Session 1 (same transaction)</span>\n<span class=\"hljs-keyword\">SELECT</span> <span class=\"hljs-operator\">*</span> <span class=\"hljs-keyword\">FROM</span> accounts <span class=\"hljs-keyword\">WHERE</span> balance <span class=\"hljs-keyword\">BETWEEN</span> <span class=\"hljs-number\">1000</span> <span class=\"hljs-keyword\">AND</span> <span class=\"hljs-number\">2000</span>; <span class=\"hljs-comment\">-- Still shows 5 rows</span>\n<span class=\"hljs-comment\">-- No phantom read, unlike standard SQL definition</span>\n</code></pre>\n<h3 id=\"use-cases-2\">Use Cases:</h3>\n<ul>\n<li>Applications requiring consistent reads within a transaction</li>\n<li>Financial systems where data consistency is critical</li>\n<li>Most general-purpose applications</li>\n</ul>\n<h2 id=\"serializable\">SERIALIZABLE</h2>\n<p>This is the highest isolation level, providing maximum consistency but lowest concurrency.</p>\n<h3 id=\"characteristics-3\">Characteristics:</h3>\n<ul>\n<li>Complete isolation between transactions</li>\n<li>Transactions execute as if they were serialized one after another</li>\n<li>Prevents dirty reads, non-repeatable reads, and phantom reads</li>\n<li>Heavy use of locks, potentially causing deadlocks and timeouts</li>\n</ul>\n<h3 id=\"example-3\">Example:</h3>\n<pre><code class=\"language-sql\"><span class=\"hljs-comment\">-- Session 1</span>\n<span class=\"hljs-keyword\">SET</span> SESSION TRANSACTION ISOLATION LEVEL SERIALIZABLE;\n<span class=\"hljs-keyword\">START</span> TRANSACTION;\n<span class=\"hljs-keyword\">SELECT</span> <span class=\"hljs-operator\">*</span> <span class=\"hljs-keyword\">FROM</span> accounts <span class=\"hljs-keyword\">WHERE</span> user_id <span class=\"hljs-operator\">=</span> <span class=\"hljs-number\">100</span> <span class=\"hljs-keyword\">FOR</span> <span class=\"hljs-keyword\">UPDATE</span>;\n<span class=\"hljs-comment\">-- This locks the row(s) for the transaction duration</span>\n\n<span class=\"hljs-comment\">-- Session 2</span>\n<span class=\"hljs-comment\">-- Will be blocked until Session 1 commits or rolls back:</span>\n<span class=\"hljs-keyword\">UPDATE</span> accounts <span class=\"hljs-keyword\">SET</span> balance <span class=\"hljs-operator\">=</span> <span class=\"hljs-number\">1500</span> <span class=\"hljs-keyword\">WHERE</span> user_id <span class=\"hljs-operator\">=</span> <span class=\"hljs-number\">100</span>;\n</code></pre>\n<h3 id=\"use-cases-3\">Use Cases:</h3>\n<ul>\n<li>Critical financial transactions requiring absolute consistency</li>\n<li>Systems where data integrity is more important than performance</li>\n<li>Scenarios with complex integrity constraints</li>\n</ul>\n<h2 id=\"performance-considerations\">Performance Considerations</h2>\n<p>As isolation levels increase, the following trade-offs occur:</p>\n<ol>\n<li><strong>Locking Overhead</strong>: Higher isolation levels typically require more locks</li>\n<li><strong>Concurrency</strong>: Lower isolation levels allow more concurrent transactions</li>\n<li><strong>Throughput</strong>: Lower isolation levels generally provide higher throughput</li>\n<li><strong>Memory Usage</strong>: Higher isolation levels may require more memory for maintaining multiple data versions</li>\n</ol>\n<h2 id=\"how-to-set-isolation-levels-in-mysql\">How to Set Isolation Levels in MySQL</h2>\n<p>Isolation levels can be set at different scopes:</p>\n<h3 id=\"system-wide-in-mycnf\">System-wide (in my.cnf):</h3>\n<pre><code>[mysqld]\ntransaction-isolation = REPEATABLE-READ\n</code></pre>\n<h3 id=\"session-level\">Session level:</h3>\n<pre><code class=\"language-sql\"><span class=\"hljs-keyword\">SET</span> SESSION TRANSACTION ISOLATION LEVEL READ COMMITTED;\n</code></pre>\n<h3 id=\"transaction-level\">Transaction level:</h3>\n<pre><code class=\"language-sql\"><span class=\"hljs-keyword\">START</span> TRANSACTION;\n<span class=\"hljs-keyword\">SET</span> TRANSACTION ISOLATION LEVEL SERIALIZABLE;\n<span class=\"hljs-comment\">-- Transaction operations</span>\n<span class=\"hljs-keyword\">COMMIT</span>;\n</code></pre>\n<h2 id=\"best-practices\">Best Practices</h2>\n<ol>\n<li><p><strong>Understand Your Requirements</strong>: Choose the isolation level based on your specific consistency and concurrency needs.</p>\n</li>\n<li><p><strong>Default to REPEATABLE READ</strong>: MySQL&#39;s default is suitable for most applications.</p>\n</li>\n<li><p><strong>Short Transactions</strong>: Keep transactions as short as possible to minimize lock contention.</p>\n</li>\n<li><p><strong>Monitor Lock Waits</strong>: Use <code>SHOW ENGINE INNODB STATUS</code> to identify lock contentions.</p>\n</li>\n<li><p><strong>Consider READ COMMITTED</strong>: For high-throughput applications where some inconsistency is acceptable.</p>\n</li>\n<li><p><strong>Test Thoroughly</strong>: Different isolation levels can dramatically affect application behavior.</p>\n</li>\n</ol>\n<h2 id=\"conclusion\">Conclusion</h2>\n<p>MySQL&#39;s isolation levels provide a flexible framework for balancing data consistency and performance. By understanding each level&#39;s characteristics and trade-offs, you can choose the appropriate isolation level for your specific application needs.</p>\n<p>Remember that while higher isolation levels provide stronger consistency guarantees, they come at the cost of performance and concurrency. The key is finding the right balance for your particular use case.</p>\n<p>When in doubt, start with MySQL&#39;s default REPEATABLE READ and adjust based on your application&#39;s specific requirements and behavior under load.</p>\n','# Understanding MySQL Isolation Levels: Balancing Data Consistency and Performance\n\nIn database systems, particularly in MySQL, transaction isolation is a critical concept that ensures data integrity while managing concurrent access. This article explores MySQL\'s isolation levels, their characteristics, and how to choose the right one for your specific use case.\n\n## What are Transaction Isolation Levels?\n\nTransaction isolation levels define how data modified by one transaction affects other concurrent transactions. They determine whether changes made by one transaction are visible to other transactions before the first transaction completes.\n\nMySQL implements the four standard isolation levels defined in the SQL standard:\n\n1. READ UNCOMMITTED\n2. READ COMMITTED\n3. REPEATABLE READ (MySQL\'s default)\n4. SERIALIZABLE\n\nEach level provides different trade-offs between consistency and performance.\n\n## READ UNCOMMITTED\n\nThis is the lowest isolation level, offering maximum concurrency but minimal data protection.\n\n### Characteristics:\n- Transactions can see uncommitted changes made by other transactions (dirty reads)\n- No locks on SELECT operations\n- Highest performance, lowest consistency guarantees\n\n### Example:\n```sql\n-- Session 1\nSET SESSION TRANSACTION ISOLATION LEVEL READ UNCOMMITTED;\nSTART TRANSACTION;\n-- Session 1 can see uncommitted changes from Session 2\n```\n\n### Use Cases:\n- Reporting systems where absolute accuracy isn\'t critical\n- Scenarios where performance is paramount and some data inconsistency is acceptable\n- Data analytics where approximate values are sufficient\n\n## READ COMMITTED\n\nThis level prevents dirty reads but allows non-repeatable reads and phantom reads.\n\n### Characteristics:\n- Transactions can only see committed changes from other transactions\n- Each SELECT gets its own snapshot of committed data\n- Prevents dirty reads, but allows non-repeatable reads and phantom reads\n\n### Example:\n```sql\n-- Session 1\nSET SESSION TRANSACTION ISOLATION LEVEL READ COMMITTED;\nSTART TRANSACTION;\nSELECT * FROM accounts WHERE user_id = 100; -- Balance: $1000\n\n-- Session 2\nUPDATE accounts SET balance = 1500 WHERE user_id = 100;\nCOMMIT;\n\n-- Session 1 (same transaction)\nSELECT * FROM accounts WHERE user_id = 100; -- Now shows Balance: $1500\n-- This is a non-repeatable read\n```\n\n### Use Cases:\n- Systems where dirty reads must be prevented\n- Applications with moderate concurrency requirements\n- Most web applications where row-level consistency is sufficient\n\n## REPEATABLE READ\n\nThis is MySQL\'s default isolation level and the foundation of InnoDB\'s MVCC (Multi-Version Concurrency Control) implementation.\n\n### Characteristics:\n- Transactions see a consistent snapshot of the data throughout the transaction\n- Prevents both dirty reads and non-repeatable reads\n- In MySQL/InnoDB, also prevents most phantom reads (unlike standard SQL)\n- Uses gap locks to prevent phantom reads\n\n### Example:\n```sql\n-- Session 1\nSET SESSION TRANSACTION ISOLATION LEVEL REPEATABLE READ;\nSTART TRANSACTION;\nSELECT * FROM accounts WHERE balance BETWEEN 1000 AND 2000; -- Shows 5 rows\n\n-- Session 2\nINSERT INTO accounts (user_id, balance) VALUES (500, 1500);\nCOMMIT;\n\n-- Session 1 (same transaction)\nSELECT * FROM accounts WHERE balance BETWEEN 1000 AND 2000; -- Still shows 5 rows\n-- No phantom read, unlike standard SQL definition\n```\n\n### Use Cases:\n- Applications requiring consistent reads within a transaction\n- Financial systems where data consistency is critical\n- Most general-purpose applications\n\n## SERIALIZABLE\n\nThis is the highest isolation level, providing maximum consistency but lowest concurrency.\n\n### Characteristics:\n- Complete isolation between transactions\n- Transactions execute as if they were serialized one after another\n- Prevents dirty reads, non-repeatable reads, and phantom reads\n- Heavy use of locks, potentially causing deadlocks and timeouts\n\n### Example:\n```sql\n-- Session 1\nSET SESSION TRANSACTION ISOLATION LEVEL SERIALIZABLE;\nSTART TRANSACTION;\nSELECT * FROM accounts WHERE user_id = 100 FOR UPDATE;\n-- This locks the row(s) for the transaction duration\n\n-- Session 2\n-- Will be blocked until Session 1 commits or rolls back:\nUPDATE accounts SET balance = 1500 WHERE user_id = 100;\n```\n\n### Use Cases:\n- Critical financial transactions requiring absolute consistency\n- Systems where data integrity is more important than performance\n- Scenarios with complex integrity constraints\n\n## Performance Considerations\n\nAs isolation levels increase, the following trade-offs occur:\n\n1. **Locking Overhead**: Higher isolation levels typically require more locks\n2. **Concurrency**: Lower isolation levels allow more concurrent transactions\n3. **Throughput**: Lower isolation levels generally provide higher throughput\n4. **Memory Usage**: Higher isolation levels may require more memory for maintaining multiple data versions\n\n## How to Set Isolation Levels in MySQL\n\nIsolation levels can be set at different scopes:\n\n### System-wide (in my.cnf):\n```\n[mysqld]\ntransaction-isolation = REPEATABLE-READ\n```\n\n### Session level:\n```sql\nSET SESSION TRANSACTION ISOLATION LEVEL READ COMMITTED;\n```\n\n### Transaction level:\n```sql\nSTART TRANSACTION;\nSET TRANSACTION ISOLATION LEVEL SERIALIZABLE;\n-- Transaction operations\nCOMMIT;\n```\n\n## Best Practices\n\n1. **Understand Your Requirements**: Choose the isolation level based on your specific consistency and concurrency needs.\n\n2. **Default to REPEATABLE READ**: MySQL\'s default is suitable for most applications.\n\n3. **Short Transactions**: Keep transactions as short as possible to minimize lock contention.\n\n4. **Monitor Lock Waits**: Use `SHOW ENGINE INNODB STATUS` to identify lock contentions.\n\n5. **Consider READ COMMITTED**: For high-throughput applications where some inconsistency is acceptable.\n\n6. **Test Thoroughly**: Different isolation levels can dramatically affect application behavior.\n\n## Conclusion\n\nMySQL\'s isolation levels provide a flexible framework for balancing data consistency and performance. By understanding each level\'s characteristics and trade-offs, you can choose the appropriate isolation level for your specific application needs.\n\nRemember that while higher isolation levels provide stronger consistency guarantees, they come at the cost of performance and concurrency. The key is finding the right balance for your particular use case.\n\nWhen in doubt, start with MySQL\'s default REPEATABLE READ and adjust based on your application\'s specific requirements and behavior under load.','2025-04-26 08:41:02','2025-04-26 08:41:02',1,5,0,2,2,3,'7B49P0PI',1,0,2),('BMxJs3PB','Redis Beyond Caching','yt5vZRHN','Redis Beyond Caching','<h1 id=\"redis-beyond-caching-exploring-advanced-use-cases-and-architecture\">Redis Beyond Caching: Exploring Advanced Use Cases and Architecture</h1>\n<p>Redis (Remote Dictionary Server) has evolved from a simple in-memory key-value store to a versatile data structure server that powers modern applications across industries. While commonly known as a caching solution, Redis offers much more. This article explores Redis architecture, advanced use cases, and best practices for leveraging its full potential.</p>\n<h2 id=\"redis-architecture-understanding-the-foundations\">Redis Architecture: Understanding the Foundations</h2>\n<h3 id=\"in-memory-storage-with-persistence-options\">In-Memory Storage with Persistence Options</h3>\n<p>Redis primarily operates in memory, which enables its exceptional performance. Unlike traditional databases that read from and write to disk for each operation, Redis keeps the entire dataset in RAM. However, Redis isn&#39;t just a volatile in-memory store - it offers multiple persistence mechanisms:</p>\n<ol>\n<li><strong>RDB (Redis Database)</strong>: Point-in-time snapshots of your dataset at specified intervals</li>\n<li><strong>AOF (Append-Only File)</strong>: Logs every write operation received by the server</li>\n<li><strong>Hybrid Approach</strong>: Combines both methods for optimal durability and performance</li>\n</ol>\n<h3 id=\"data-structures-beyond-simple-key-value\">Data Structures Beyond Simple Key-Value</h3>\n<p>Redis distinguishes itself by supporting diverse data structures:</p>\n<ul>\n<li><strong>Strings</strong>: Binary-safe strings up to 512MB</li>\n<li><strong>Lists</strong>: Linked lists of string elements sorted by insertion order</li>\n<li><strong>Sets</strong>: Unordered collections of unique strings</li>\n<li><strong>Sorted Sets</strong>: Sets ordered by a score value</li>\n<li><strong>Hashes</strong>: Maps between string fields and string values</li>\n<li><strong>Bitmaps</strong>: Bit operations on string values</li>\n<li><strong>HyperLogLog</strong>: Probabilistic data structure for cardinality estimation</li>\n<li><strong>Streams</strong>: Append-only collections for event sourcing patterns</li>\n<li><strong>Geospatial Indexes</strong>: Store and query location data efficiently</li>\n</ul>\n<h3 id=\"redis-modules-ecosystem\">Redis Modules Ecosystem</h3>\n<p>Redis 4.0+ introduced modules that extend core functionality:</p>\n<ul>\n<li><strong>RedisJSON</strong>: Native JSON storage and manipulation</li>\n<li><strong>RediSearch</strong>: Full-text search engine</li>\n<li><strong>RedisGraph</strong>: Graph database implementation</li>\n<li><strong>RedisTimeSeries</strong>: Time-series data handling</li>\n<li><strong>RedisAI</strong>: Machine learning model serving</li>\n<li><strong>RedisBloom</strong>: Probabilistic data structures</li>\n</ul>\n<h2 id=\"advanced-use-cases-beyond-caching\">Advanced Use Cases Beyond Caching</h2>\n<h3 id=\"real-time-analytics\">Real-Time Analytics</h3>\n<p>Redis can process millions of operations per second, making it ideal for real-time analytics pipelines:</p>\n<pre><code># Increment view counter for an article\nHINCRBY article:1000:stats views 1\n\n# Track unique visitors using HyperLogLog\nPFADD visitors:daily:2023-04-26 &quot;user:123&quot;\n\n# Retrieve unique visitor count\nPFCOUNT visitors:daily:2023-04-26\n</code></pre>\n<h3 id=\"session-management--rate-limiting\">Session Management &amp; Rate Limiting</h3>\n<p>Redis excels at managing user sessions and implementing rate limiting:</p>\n<pre><code># Store user session with expiration\nSETEX &quot;session:user123&quot; 3600 &quot;{user data}&quot;\n\n# Implement sliding window rate limiting\nZADD &quot;ratelimit:api:user123&quot; 1682517600 &quot;request1&quot;\nZREMRANGEBYSCORE &quot;ratelimit:api:user123&quot; 0 1682517300\nZCARD &quot;ratelimit:api:user123&quot;\n</code></pre>\n<h3 id=\"distributed-locks--coordination\">Distributed Locks &amp; Coordination</h3>\n<p>Redis provides atomic operations perfect for distributed systems coordination:</p>\n<pre><code># Acquire a lock with automatic expiration\nSET &quot;lock:resource1&quot; &quot;instance1&quot; EX 10 NX\n\n# Release a lock (with Lua script for atomicity)\nEVAL &quot;if redis.call(&#x27;get&#x27;,KEYS[1]) == ARGV[1] then return redis.call(&#x27;del&#x27;,KEYS[1]) else return 0 end&quot; 1 &quot;lock:resource1&quot; &quot;instance1&quot;\n</code></pre>\n<h3 id=\"message-queues--pubsub\">Message Queues &amp; Pub/Sub</h3>\n<p>Redis can handle messaging workloads efficiently:</p>\n<pre><code># Publish a message\nPUBLISH notifications:user123 &quot;New message received&quot;\n\n# List pattern-based publish/subscribe with XADD\nXADD events:orders * order_id 12345 status &quot;processing&quot;\n\n# Consumer group processing (reliable queue)\nXREADGROUP GROUP order_processors consumer1 COUNT 10 STREAMS events:orders &gt;\n</code></pre>\n<h3 id=\"leaderboards--ranking-systems\">Leaderboards &amp; Ranking Systems</h3>\n<p>Sorted sets make leaderboard implementation straightforward:</p>\n<pre><code># Add/update player score\nZADD &quot;leaderboard:game123&quot; 1000 &quot;player:456&quot;\n\n# Get player rank\nZREVRANK &quot;leaderboard:game123&quot; &quot;player:456&quot;\n\n# Get top 10 players with scores\nZREVRANGE &quot;leaderboard:game123&quot; 0 9 WITHSCORES\n</code></pre>\n<h2 id=\"redis-deployment-architectures\">Redis Deployment Architectures</h2>\n<h3 id=\"redis-standalone\">Redis Standalone</h3>\n<p>Single Redis instance suitable for development or small applications:</p>\n<ul>\n<li>Simple to set up and maintain</li>\n<li>Limited scalability and availability</li>\n<li>No built-in failover</li>\n</ul>\n<h3 id=\"master-replica-architecture\">Master-Replica Architecture</h3>\n<p>Basic replication setup with one master and multiple replicas:</p>\n<ul>\n<li>Data redundancy and read scalability</li>\n<li>Manual failover required</li>\n<li>Limited write scalability (single master)</li>\n</ul>\n<h3 id=\"redis-sentinel\">Redis Sentinel</h3>\n<p>High-availability solution that monitors Redis instances:</p>\n<ul>\n<li>Automatic failover capabilities</li>\n<li>Monitoring and notification system</li>\n<li>Client-side support for discovery</li>\n</ul>\n<h3 id=\"redis-cluster\">Redis Cluster</h3>\n<p>Horizontally scalable solution that partitions data across nodes:</p>\n<ul>\n<li>Automatic sharding across multiple nodes</li>\n<li>Built-in high availability with automatic failover</li>\n<li>Linear scalability for both reads and writes</li>\n<li>Complex client-side requirements</li>\n</ul>\n<h3 id=\"redis-enterprise\">Redis Enterprise</h3>\n<p>Commercial offering with advanced features:</p>\n<ul>\n<li>Active-Active geo-distribution</li>\n<li>Redis on Flash (extends to SSD)</li>\n<li>Enhanced security features</li>\n<li>Automatic scaling and rebalancing</li>\n</ul>\n<h2 id=\"performance-optimization-strategies\">Performance Optimization Strategies</h2>\n<h3 id=\"memory-optimization\">Memory Optimization</h3>\n<ul>\n<li><strong>Use appropriate data structures</strong>: Choose the right data type for your use case</li>\n<li><strong>Implement key expiration policies</strong>: Use TTL to automatically remove stale data</li>\n<li><strong>Consider data compression</strong>: For large values, consider compressing before storage</li>\n<li><strong>Shard large hashes</strong>: Break large hashes into multiple smaller ones</li>\n</ul>\n<h3 id=\"command-optimization\">Command Optimization</h3>\n<ul>\n<li><strong>Utilize pipelining</strong>: Batch multiple commands to reduce network round trips</li>\n<li><strong>Leverage Lua scripting</strong>: Execute complex operations atomically at the server</li>\n<li><strong>Consider multi-key operations</strong>: Use commands that operate on multiple keys</li>\n<li><strong>Monitor slow commands</strong>: Use <code>SLOWLOG</code> to identify bottlenecks</li>\n</ul>\n<h3 id=\"connection-management\">Connection Management</h3>\n<ul>\n<li><strong>Implement connection pooling</strong>: Reuse connections to reduce overhead</li>\n<li><strong>Configure appropriate timeouts</strong>: Set connection, read, and write timeouts</li>\n<li><strong>Consider client-side sharding</strong>: Distribute connections across instances</li>\n</ul>\n<h2 id=\"redis-security-best-practices\">Redis Security Best Practices</h2>\n<ol>\n<li><strong>Network security</strong>: Place Redis behind a firewall and use private networks</li>\n<li><strong>Authentication</strong>: Set strong passwords with the <code>requirepass</code> configuration</li>\n<li><strong>Access control lists (ACLs)</strong>: Define user-based access controls in Redis 6+</li>\n<li><strong>Transport layer security</strong>: Implement TLS for encrypted communications</li>\n<li><strong>Disable dangerous commands</strong>: Restrict commands like <code>FLUSHALL</code> in production</li>\n<li><strong>Regular security audits</strong>: Check for misconfiguration and vulnerabilities</li>\n</ol>\n<h2 id=\"monitoring-and-maintenance\">Monitoring and Maintenance</h2>\n<p>Essential metrics to monitor:</p>\n<ul>\n<li><strong>Memory usage</strong>: <code>used_memory</code>, <code>used_memory_rss</code>, memory fragmentation ratio</li>\n<li><strong>Performance</strong>: Command execution time, network bandwidth, CPU usage</li>\n<li><strong>Keyspace statistics</strong>: Total keys, expired keys, evicted keys</li>\n<li><strong>Client connections</strong>: Connected clients, blocked clients, rejected connections</li>\n<li><strong>Persistence</strong>: RDB/AOF status, last persistence save time, sync progress</li>\n</ul>\n<p>Maintenance considerations:</p>\n<ul>\n<li>Regular backups</li>\n<li>Version upgrades</li>\n<li>Configuration tuning</li>\n<li>Replication health checks</li>\n<li>Periodic key space analysis</li>\n</ul>\n<h2 id=\"conclusion\">Conclusion</h2>\n<p>Redis has evolved far beyond its initial use case as a simple caching layer. Its versatile data structures, high performance, and extensive feature set make it a powerful tool for building real-time applications.</p>\n<p>By understanding Redis&#39;s architecture, deployment options, and advanced use cases, developers can leverage its full potential to solve complex problems efficiently. Whether you&#39;re building a real-time analytics platform, a distributed task queue, or a high-throughput leaderboard system, Redis offers the tools and performance to meet your requirements.</p>\n<p>As with any technology, successful Redis implementation requires careful planning, monitoring, and optimization. By following the best practices outlined in this article, you can ensure your Redis deployment remains reliable, secure, and performant as your application grows.</p>\n','# Redis Beyond Caching: Exploring Advanced Use Cases and Architecture\n\nRedis (Remote Dictionary Server) has evolved from a simple in-memory key-value store to a versatile data structure server that powers modern applications across industries. While commonly known as a caching solution, Redis offers much more. This article explores Redis architecture, advanced use cases, and best practices for leveraging its full potential.\n\n## Redis Architecture: Understanding the Foundations\n\n### In-Memory Storage with Persistence Options\n\nRedis primarily operates in memory, which enables its exceptional performance. Unlike traditional databases that read from and write to disk for each operation, Redis keeps the entire dataset in RAM. However, Redis isn\'t just a volatile in-memory store - it offers multiple persistence mechanisms:\n\n1. **RDB (Redis Database)**: Point-in-time snapshots of your dataset at specified intervals\n2. **AOF (Append-Only File)**: Logs every write operation received by the server\n3. **Hybrid Approach**: Combines both methods for optimal durability and performance\n\n### Data Structures Beyond Simple Key-Value\n\nRedis distinguishes itself by supporting diverse data structures:\n\n- **Strings**: Binary-safe strings up to 512MB\n- **Lists**: Linked lists of string elements sorted by insertion order\n- **Sets**: Unordered collections of unique strings\n- **Sorted Sets**: Sets ordered by a score value\n- **Hashes**: Maps between string fields and string values\n- **Bitmaps**: Bit operations on string values\n- **HyperLogLog**: Probabilistic data structure for cardinality estimation\n- **Streams**: Append-only collections for event sourcing patterns\n- **Geospatial Indexes**: Store and query location data efficiently\n\n### Redis Modules Ecosystem\n\nRedis 4.0+ introduced modules that extend core functionality:\n\n- **RedisJSON**: Native JSON storage and manipulation\n- **RediSearch**: Full-text search engine\n- **RedisGraph**: Graph database implementation\n- **RedisTimeSeries**: Time-series data handling\n- **RedisAI**: Machine learning model serving\n- **RedisBloom**: Probabilistic data structures\n\n## Advanced Use Cases Beyond Caching\n\n### Real-Time Analytics\n\nRedis can process millions of operations per second, making it ideal for real-time analytics pipelines:\n\n```\n# Increment view counter for an article\nHINCRBY article:1000:stats views 1\n\n# Track unique visitors using HyperLogLog\nPFADD visitors:daily:2023-04-26 \"user:123\"\n\n# Retrieve unique visitor count\nPFCOUNT visitors:daily:2023-04-26\n```\n\n### Session Management & Rate Limiting\n\nRedis excels at managing user sessions and implementing rate limiting:\n\n```\n# Store user session with expiration\nSETEX \"session:user123\" 3600 \"{user data}\"\n\n# Implement sliding window rate limiting\nZADD \"ratelimit:api:user123\" 1682517600 \"request1\"\nZREMRANGEBYSCORE \"ratelimit:api:user123\" 0 1682517300\nZCARD \"ratelimit:api:user123\"\n```\n\n### Distributed Locks & Coordination\n\nRedis provides atomic operations perfect for distributed systems coordination:\n\n```\n# Acquire a lock with automatic expiration\nSET \"lock:resource1\" \"instance1\" EX 10 NX\n\n# Release a lock (with Lua script for atomicity)\nEVAL \"if redis.call(\'get\',KEYS[1]) == ARGV[1] then return redis.call(\'del\',KEYS[1]) else return 0 end\" 1 \"lock:resource1\" \"instance1\"\n```\n\n### Message Queues & Pub/Sub\n\nRedis can handle messaging workloads efficiently:\n\n```\n# Publish a message\nPUBLISH notifications:user123 \"New message received\"\n\n# List pattern-based publish/subscribe with XADD\nXADD events:orders * order_id 12345 status \"processing\"\n\n# Consumer group processing (reliable queue)\nXREADGROUP GROUP order_processors consumer1 COUNT 10 STREAMS events:orders >\n```\n\n### Leaderboards & Ranking Systems\n\nSorted sets make leaderboard implementation straightforward:\n\n```\n# Add/update player score\nZADD \"leaderboard:game123\" 1000 \"player:456\"\n\n# Get player rank\nZREVRANK \"leaderboard:game123\" \"player:456\"\n\n# Get top 10 players with scores\nZREVRANGE \"leaderboard:game123\" 0 9 WITHSCORES\n```\n\n## Redis Deployment Architectures\n\n### Redis Standalone\n\nSingle Redis instance suitable for development or small applications:\n\n- Simple to set up and maintain\n- Limited scalability and availability\n- No built-in failover\n\n### Master-Replica Architecture\n\nBasic replication setup with one master and multiple replicas:\n\n- Data redundancy and read scalability\n- Manual failover required\n- Limited write scalability (single master)\n\n### Redis Sentinel\n\nHigh-availability solution that monitors Redis instances:\n\n- Automatic failover capabilities\n- Monitoring and notification system\n- Client-side support for discovery\n\n### Redis Cluster\n\nHorizontally scalable solution that partitions data across nodes:\n\n- Automatic sharding across multiple nodes\n- Built-in high availability with automatic failover\n- Linear scalability for both reads and writes\n- Complex client-side requirements\n\n### Redis Enterprise\n\nCommercial offering with advanced features:\n\n- Active-Active geo-distribution\n- Redis on Flash (extends to SSD)\n- Enhanced security features\n- Automatic scaling and rebalancing\n\n## Performance Optimization Strategies\n\n### Memory Optimization\n\n- **Use appropriate data structures**: Choose the right data type for your use case\n- **Implement key expiration policies**: Use TTL to automatically remove stale data\n- **Consider data compression**: For large values, consider compressing before storage\n- **Shard large hashes**: Break large hashes into multiple smaller ones\n\n### Command Optimization\n\n- **Utilize pipelining**: Batch multiple commands to reduce network round trips\n- **Leverage Lua scripting**: Execute complex operations atomically at the server\n- **Consider multi-key operations**: Use commands that operate on multiple keys\n- **Monitor slow commands**: Use `SLOWLOG` to identify bottlenecks\n\n### Connection Management\n\n- **Implement connection pooling**: Reuse connections to reduce overhead\n- **Configure appropriate timeouts**: Set connection, read, and write timeouts\n- **Consider client-side sharding**: Distribute connections across instances\n\n## Redis Security Best Practices\n\n1. **Network security**: Place Redis behind a firewall and use private networks\n2. **Authentication**: Set strong passwords with the `requirepass` configuration\n3. **Access control lists (ACLs)**: Define user-based access controls in Redis 6+\n4. **Transport layer security**: Implement TLS for encrypted communications\n5. **Disable dangerous commands**: Restrict commands like `FLUSHALL` in production\n6. **Regular security audits**: Check for misconfiguration and vulnerabilities\n\n## Monitoring and Maintenance\n\nEssential metrics to monitor:\n\n- **Memory usage**: `used_memory`, `used_memory_rss`, memory fragmentation ratio\n- **Performance**: Command execution time, network bandwidth, CPU usage\n- **Keyspace statistics**: Total keys, expired keys, evicted keys\n- **Client connections**: Connected clients, blocked clients, rejected connections\n- **Persistence**: RDB/AOF status, last persistence save time, sync progress\n\nMaintenance considerations:\n\n- Regular backups\n- Version upgrades\n- Configuration tuning\n- Replication health checks\n- Periodic key space analysis\n\n## Conclusion\n\nRedis has evolved far beyond its initial use case as a simple caching layer. Its versatile data structures, high performance, and extensive feature set make it a powerful tool for building real-time applications.\n\nBy understanding Redis\'s architecture, deployment options, and advanced use cases, developers can leverage its full potential to solve complex problems efficiently. Whether you\'re building a real-time analytics platform, a distributed task queue, or a high-throughput leaderboard system, Redis offers the tools and performance to meet your requirements.\n\nAs with any technology, successful Redis implementation requires careful planning, monitoring, and optimization. By following the best practices outlined in this article, you can ensure your Redis deployment remains reliable, secure, and performant as your application grows.','2025-04-26 12:22:40','2025-04-26 12:22:40',1,0,0,0,0,3,'7B49P0PI',0,1,2),('lbRwsmQX','When Do MySQL Composite Indexes Fail? ','AVoZg05l','MySQL Composite Indexes','<h1 id=\"when-do-mysql-composite-indexes-fail-real-world-scenarios-im-encountering\">When Do MySQL Composite Indexes Fail? Real-World Scenarios I&#39;m Encountering</h1>\n<h2 id=\"background\">Background</h2>\n<p>Hello everyone,</p>\n<p>I&#39;m a backend developer working on an e-commerce platform that&#39;s experiencing performance issues as our data grows. We&#39;re using MySQL 8.0 with InnoDB as our storage engine. Our main product table has about 5 million rows and is growing steadily.</p>\n<h2 id=\"current-situation\">Current Situation</h2>\n<p>I&#39;ve created a composite index on our <code>products</code> table with the following structure:</p>\n<pre><code class=\"language-sql\"><span class=\"hljs-keyword\">CREATE</span> INDEX idx_category_price_date <span class=\"hljs-keyword\">ON</span> products(category_id, price, created_date);\n</code></pre>\n<p>Most of our queries filter by category first, then apply price ranges, and sometimes sort by creation date. Initially, the performance was great, but I&#39;ve noticed that in certain query patterns, MySQL isn&#39;t using the index as expected.</p>\n<h2 id=\"problem-scenarios\">Problem Scenarios</h2>\n<p>Here are specific scenarios where I believe the index is failing to be utilized:</p>\n<h3 id=\"scenario-1-skipping-the-first-column\">Scenario 1: Skipping the first column</h3>\n<pre><code class=\"language-sql\"><span class=\"hljs-keyword\">SELECT</span> <span class=\"hljs-operator\">*</span> <span class=\"hljs-keyword\">FROM</span> products \n<span class=\"hljs-keyword\">WHERE</span> price <span class=\"hljs-keyword\">BETWEEN</span> <span class=\"hljs-number\">100</span> <span class=\"hljs-keyword\">AND</span> <span class=\"hljs-number\">200</span> \n<span class=\"hljs-keyword\">ORDER</span> <span class=\"hljs-keyword\">BY</span> created_date <span class=\"hljs-keyword\">DESC</span> \nLIMIT <span class=\"hljs-number\">20</span>;\n</code></pre>\n<p>The EXPLAIN shows a full table scan instead of using the index.</p>\n<h3 id=\"scenario-2-range-condition-followed-by-equality\">Scenario 2: Range condition followed by equality</h3>\n<pre><code class=\"language-sql\"><span class=\"hljs-keyword\">SELECT</span> <span class=\"hljs-operator\">*</span> <span class=\"hljs-keyword\">FROM</span> products \n<span class=\"hljs-keyword\">WHERE</span> category_id <span class=\"hljs-operator\">=</span> <span class=\"hljs-number\">5</span> \n<span class=\"hljs-keyword\">AND</span> price <span class=\"hljs-keyword\">BETWEEN</span> <span class=\"hljs-number\">100</span> <span class=\"hljs-keyword\">AND</span> <span class=\"hljs-number\">200</span> \n<span class=\"hljs-keyword\">AND</span> created_date <span class=\"hljs-operator\">=</span> <span class=\"hljs-string\">&#x27;2023-04-20&#x27;</span>;\n</code></pre>\n<p>MySQL seems to only use the index for <code>category_id</code> and <code>price</code>, but not for <code>created_date</code>.</p>\n<h3 id=\"scenario-3-column-order-in-where-clauses\">Scenario 3: Column order in WHERE clauses</h3>\n<pre><code class=\"language-sql\"><span class=\"hljs-keyword\">SELECT</span> <span class=\"hljs-operator\">*</span> <span class=\"hljs-keyword\">FROM</span> products\n<span class=\"hljs-keyword\">WHERE</span> created_date <span class=\"hljs-operator\">&gt;</span> <span class=\"hljs-string\">&#x27;2023-01-01&#x27;</span>\n<span class=\"hljs-keyword\">AND</span> price <span class=\"hljs-operator\">&lt;</span> <span class=\"hljs-number\">500</span>\n<span class=\"hljs-keyword\">AND</span> category_id <span class=\"hljs-operator\">=</span> <span class=\"hljs-number\">3</span>;\n</code></pre>\n<p>Even though all columns in the index are present in the WHERE clause, the optimizer doesn&#39;t seem to be using the index efficiently.</p>\n<h3 id=\"scenario-4-using-or-conditions\">Scenario 4: Using OR conditions</h3>\n<pre><code class=\"language-sql\"><span class=\"hljs-keyword\">SELECT</span> <span class=\"hljs-operator\">*</span> <span class=\"hljs-keyword\">FROM</span> products\n<span class=\"hljs-keyword\">WHERE</span> category_id <span class=\"hljs-operator\">=</span> <span class=\"hljs-number\">5</span>\n<span class=\"hljs-keyword\">AND</span> (price <span class=\"hljs-operator\">&lt;</span> <span class=\"hljs-number\">100</span> <span class=\"hljs-keyword\">OR</span> created_date <span class=\"hljs-operator\">&gt;</span> <span class=\"hljs-string\">&#x27;2023-03-01&#x27;</span>);\n</code></pre>\n<p>This query results in a full table scan despite using columns from the composite index.</p>\n<h2 id=\"questions\">Questions</h2>\n<ol>\n<li><p>Am I correct in my understanding of these index failure scenarios? Are there fundamental rules I&#39;m missing about how MySQL utilizes composite indexes?</p>\n</li>\n<li><p>How should I restructure my indexes to better support these query patterns? Should I create multiple indexes instead of a single composite index?</p>\n</li>\n<li><p>Are there specific query rewrites that could help in these scenarios without changing the indexes?</p>\n</li>\n<li><p>For Scenario 3, does the order of conditions in the WHERE clause affect index utilization, or is it just the order of columns in the index definition that matters?</p>\n</li>\n<li><p>Are there any MySQL-specific configuration settings that could improve index utilization in these cases?</p>\n</li>\n</ol>\n<h2 id=\"what-ive-tried\">What I&#39;ve Tried</h2>\n<ul>\n<li>I&#39;ve run EXPLAIN on all problematic queries</li>\n<li>Reviewed the MySQL documentation on index selection</li>\n<li>Tried adding FORCE INDEX hints (which helped in some cases but seems like a band-aid)</li>\n<li>Experimented with covering indexes by adding columns to INCLUDE</li>\n</ul>\n<p>Any insights, best practices, or real-world experiences would be greatly appreciated. I&#39;m particularly interested in understanding the theory behind why these indexes aren&#39;t being used as expected.</p>\n<p>Thanks in advance for your help!</p>\n','# When Do MySQL Composite Indexes Fail? Real-World Scenarios I\'m Encountering\n\n## Background\n\nHello everyone,\n\nI\'m a backend developer working on an e-commerce platform that\'s experiencing performance issues as our data grows. We\'re using MySQL 8.0 with InnoDB as our storage engine. Our main product table has about 5 million rows and is growing steadily.\n\n## Current Situation\n\nI\'ve created a composite index on our `products` table with the following structure:\n\n```sql\nCREATE INDEX idx_category_price_date ON products(category_id, price, created_date);\n```\n\nMost of our queries filter by category first, then apply price ranges, and sometimes sort by creation date. Initially, the performance was great, but I\'ve noticed that in certain query patterns, MySQL isn\'t using the index as expected.\n\n## Problem Scenarios\n\nHere are specific scenarios where I believe the index is failing to be utilized:\n\n### Scenario 1: Skipping the first column\n```sql\nSELECT * FROM products \nWHERE price BETWEEN 100 AND 200 \nORDER BY created_date DESC \nLIMIT 20;\n```\nThe EXPLAIN shows a full table scan instead of using the index.\n\n### Scenario 2: Range condition followed by equality\n```sql\nSELECT * FROM products \nWHERE category_id = 5 \nAND price BETWEEN 100 AND 200 \nAND created_date = \'2023-04-20\';\n```\nMySQL seems to only use the index for `category_id` and `price`, but not for `created_date`.\n\n### Scenario 3: Column order in WHERE clauses\n```sql\nSELECT * FROM products\nWHERE created_date > \'2023-01-01\'\nAND price < 500\nAND category_id = 3;\n```\nEven though all columns in the index are present in the WHERE clause, the optimizer doesn\'t seem to be using the index efficiently.\n\n### Scenario 4: Using OR conditions\n```sql\nSELECT * FROM products\nWHERE category_id = 5\nAND (price < 100 OR created_date > \'2023-03-01\');\n```\nThis query results in a full table scan despite using columns from the composite index.\n\n## Questions\n\n1. Am I correct in my understanding of these index failure scenarios? Are there fundamental rules I\'m missing about how MySQL utilizes composite indexes?\n\n2. How should I restructure my indexes to better support these query patterns? Should I create multiple indexes instead of a single composite index?\n\n3. Are there specific query rewrites that could help in these scenarios without changing the indexes?\n\n4. For Scenario 3, does the order of conditions in the WHERE clause affect index utilization, or is it just the order of columns in the index definition that matters?\n\n5. Are there any MySQL-specific configuration settings that could improve index utilization in these cases?\n\n## What I\'ve Tried\n\n- I\'ve run EXPLAIN on all problematic queries\n- Reviewed the MySQL documentation on index selection\n- Tried adding FORCE INDEX hints (which helped in some cases but seems like a band-aid)\n- Experimented with covering indexes by adding columns to INCLUDE\n\nAny insights, best practices, or real-world experiences would be greatly appreciated. I\'m particularly interested in understanding the theory behind why these indexes aren\'t being used as expected.\n\nThanks in advance for your help!','2025-04-26 12:35:38','2025-04-26 12:35:38',1,1,0,0,0,3,'7B49P0PI',0,0,1),('nlepthM9','Community Guidelines and Forum Culture','AVoZg05l','Community Guidelines and Forum Culture','<h1 id=\"official-announcement-community-guidelines-and-forum-culture\">Official Announcement: Community Guidelines and Forum Culture</h1>\n<p>Dear TechHub Community Members,</p>\n<p>As our technical forum continues to grow, we would like to take this opportunity to reinforce our community values and guidelines. The strength of TechHub lies in our diverse community of professionals, enthusiasts, and learners who share knowledge and support each other&#39;s growth in the technology space.</p>\n<h2 id=\"our-community-values\">Our Community Values</h2>\n<p>At TechHub, we are committed to fostering an environment that promotes:</p>\n<ul>\n<li><strong>Collaborative Learning</strong>: We believe in the power of shared knowledge and collective problem-solving.</li>\n<li><strong>Respectful Discourse</strong>: Technical disagreements are welcome and encouraged, but they must remain focused on ideas, not individuals.</li>\n<li><strong>Inclusivity</strong>: Our community welcomes members from all backgrounds, experience levels, and perspectives.</li>\n<li><strong>Quality Content</strong>: We prioritize well-researched, clear, and helpful contributions over quantity.</li>\n<li><strong>Intellectual Curiosity</strong>: We encourage asking questions, challenging assumptions, and continuous learning.</li>\n</ul>\n<h2 id=\"updated-forum-guidelines\">Updated Forum Guidelines</h2>\n<p>Effective immediately, all members are expected to adhere to the following guidelines:</p>\n<h3 id=\"1-content-quality-standards\">1. Content Quality Standards</h3>\n<ul>\n<li><strong>Research Before Posting</strong>: Before creating a new thread, use the search function to check if your question has been answered previously.</li>\n<li><strong>Descriptive Titles</strong>: Thread titles should clearly indicate the topic or issue being discussed.</li>\n<li><strong>Formatting for Readability</strong>: Use appropriate formatting (code blocks, paragraphs, bullet points) to make your posts easy to read.</li>\n<li><strong>Complete Information</strong>: When asking for help, provide relevant details, code snippets, error messages, and steps to reproduce the issue.</li>\n<li><strong>Follow-Up</strong>: If your issue is resolved, mark the solution and share what worked to help future members.</li>\n</ul>\n<h3 id=\"2-interaction-guidelines\">2. Interaction Guidelines</h3>\n<ul>\n<li><strong>Constructive Feedback</strong>: Critique ideas and approaches, not people.</li>\n<li><strong>Patience with Beginners</strong>: Remember that everyone starts somewhere. Guide newer members respectfully.</li>\n<li><strong>No Gatekeeping</strong>: Avoid dismissive comments about &quot;basic&quot; questions or suggesting certain topics are beneath discussion.</li>\n<li><strong>Acknowledge Contributions</strong>: Thank those who help you and give credit when building upon others&#39; ideas.</li>\n<li><strong>Stay On Topic</strong>: Keep discussions relevant to the thread&#39;s subject. Create new threads for tangential topics.</li>\n</ul>\n<h3 id=\"3-prohibited-behaviors\">3. Prohibited Behaviors</h3>\n<ul>\n<li><strong>No Personal Attacks</strong>: Disagreements should focus on technical content, not personal characteristics.</li>\n<li><strong>Zero Tolerance for Discrimination</strong>: Comments that discriminate based on gender, race, nationality, religion, sexual orientation, or other personal attributes will result in immediate action.</li>\n<li><strong>No Plagiarism</strong>: Always attribute sources and respect intellectual property.</li>\n<li><strong>Avoid Excessive Self-Promotion</strong>: Sharing relevant personal projects or articles is welcome, but the forum is not a marketing platform.</li>\n<li><strong>No Toxic Behavior</strong>: This includes trolling, flaming, baiting, and other disruptive conduct.</li>\n</ul>\n<h3 id=\"4-technical-discussion-etiquette\">4. Technical Discussion Etiquette</h3>\n<ul>\n<li><strong>Back Claims with Evidence</strong>: When making technical assertions, provide sources or explanations.</li>\n<li><strong>Respect Different Approaches</strong>: There&#39;s often more than one valid solution to technical problems.</li>\n<li><strong>Admit Knowledge Gaps</strong>: It&#39;s better to acknowledge when you&#39;re unsure than to spread misinformation.</li>\n<li><strong>Focus on Teaching</strong>: When answering questions, aim to explain concepts, not just provide solutions.</li>\n<li><strong>Embrace Diverse Technologies</strong>: We respect all programming languages, frameworks, and platforms here.</li>\n</ul>\n<h2 id=\"moderation-approach\">Moderation Approach</h2>\n<p>To maintain our community standards, we have implemented a three-tier moderation system:</p>\n<ol>\n<li><p><strong>Guidance</strong>: For minor or first-time guideline violations, moderators will provide friendly reminders and educational guidance.</p>\n</li>\n<li><p><strong>Warnings</strong>: Repeated minor violations or significant first-time violations will receive formal warnings that are tracked in our system.</p>\n</li>\n<li><p><strong>Restrictions</strong>: Members who continue to violate guidelines after warnings may face temporary or permanent restrictions based on the severity and frequency of violations.</p>\n</li>\n</ol>\n<p>Our moderation team strives to be fair, consistent, and transparent. All moderation decisions can be appealed through our established process detailed in the Forum Policies section.</p>\n<h2 id=\"recognition-program\">Recognition Program</h2>\n<p>To encourage positive contributions, we&#39;re launching an enhanced recognition program:</p>\n<ul>\n<li><strong>Expert Badges</strong>: Awarded to members who consistently provide high-quality technical guidance in specific domains.</li>\n<li><strong>Mentor Status</strong>: Recognizing members who excel at helping beginners and creating educational content.</li>\n<li><strong>Community Champion</strong>: Highlighting those who foster positive community interactions beyond technical contributions.</li>\n<li><strong>Solution Provider</strong>: For members with a high rate of accepted solutions to technical problems.</li>\n</ul>\n<p>These recognitions will be awarded monthly based on both community nominations and objective metrics.</p>\n<h2 id=\"building-our-forum-culture-together\">Building Our Forum Culture Together</h2>\n<p>A thriving technical community is built collectively. We invite all members to:</p>\n<ul>\n<li>Lead by example in your interactions</li>\n<li>Report content that violates our guidelines</li>\n<li>Suggest improvements to our forum structure and policies</li>\n<li>Participate in periodic community discussions about our forum&#39;s direction</li>\n<li>Welcome and orient new members</li>\n</ul>\n<p>Remember that behind every username is a real person with unique experiences, knowledge, and perspectives. Our technical discussions are enhanced when we recognize and respect this diversity.</p>\n<h2 id=\"implementation-timeline\">Implementation Timeline</h2>\n<ul>\n<li><strong>Immediate</strong>: All guidelines are now in effect</li>\n<li><strong>Next Two Weeks</strong>: Moderation team will focus on education rather than enforcement</li>\n<li><strong>One Month</strong>: Full implementation of the recognition program</li>\n<li><strong>Quarterly</strong>: Community review of guidelines and approach</li>\n</ul>\n<p>Thank you for being part of what makes TechHub special. Together, we can build a technical community that fosters innovation, supports professional growth, and creates an environment where everyone can contribute and learn.</p>\n<p>If you have questions or feedback about these guidelines, please share them in the dedicated discussion thread below.</p>\n<p>Sincerely,</p>\n<p>The TechHub Admin Team</p>\n','# Official Announcement: Community Guidelines and Forum Culture\n\nDear TechHub Community Members,\n\nAs our technical forum continues to grow, we would like to take this opportunity to reinforce our community values and guidelines. The strength of TechHub lies in our diverse community of professionals, enthusiasts, and learners who share knowledge and support each other\'s growth in the technology space.\n\n## Our Community Values\n\nAt TechHub, we are committed to fostering an environment that promotes:\n\n- **Collaborative Learning**: We believe in the power of shared knowledge and collective problem-solving.\n- **Respectful Discourse**: Technical disagreements are welcome and encouraged, but they must remain focused on ideas, not individuals.\n- **Inclusivity**: Our community welcomes members from all backgrounds, experience levels, and perspectives.\n- **Quality Content**: We prioritize well-researched, clear, and helpful contributions over quantity.\n- **Intellectual Curiosity**: We encourage asking questions, challenging assumptions, and continuous learning.\n\n## Updated Forum Guidelines\n\nEffective immediately, all members are expected to adhere to the following guidelines:\n\n### 1. Content Quality Standards\n\n- **Research Before Posting**: Before creating a new thread, use the search function to check if your question has been answered previously.\n- **Descriptive Titles**: Thread titles should clearly indicate the topic or issue being discussed.\n- **Formatting for Readability**: Use appropriate formatting (code blocks, paragraphs, bullet points) to make your posts easy to read.\n- **Complete Information**: When asking for help, provide relevant details, code snippets, error messages, and steps to reproduce the issue.\n- **Follow-Up**: If your issue is resolved, mark the solution and share what worked to help future members.\n\n### 2. Interaction Guidelines\n\n- **Constructive Feedback**: Critique ideas and approaches, not people.\n- **Patience with Beginners**: Remember that everyone starts somewhere. Guide newer members respectfully.\n- **No Gatekeeping**: Avoid dismissive comments about \"basic\" questions or suggesting certain topics are beneath discussion.\n- **Acknowledge Contributions**: Thank those who help you and give credit when building upon others\' ideas.\n- **Stay On Topic**: Keep discussions relevant to the thread\'s subject. Create new threads for tangential topics.\n\n### 3. Prohibited Behaviors\n\n- **No Personal Attacks**: Disagreements should focus on technical content, not personal characteristics.\n- **Zero Tolerance for Discrimination**: Comments that discriminate based on gender, race, nationality, religion, sexual orientation, or other personal attributes will result in immediate action.\n- **No Plagiarism**: Always attribute sources and respect intellectual property.\n- **Avoid Excessive Self-Promotion**: Sharing relevant personal projects or articles is welcome, but the forum is not a marketing platform.\n- **No Toxic Behavior**: This includes trolling, flaming, baiting, and other disruptive conduct.\n\n### 4. Technical Discussion Etiquette\n\n- **Back Claims with Evidence**: When making technical assertions, provide sources or explanations.\n- **Respect Different Approaches**: There\'s often more than one valid solution to technical problems.\n- **Admit Knowledge Gaps**: It\'s better to acknowledge when you\'re unsure than to spread misinformation.\n- **Focus on Teaching**: When answering questions, aim to explain concepts, not just provide solutions.\n- **Embrace Diverse Technologies**: We respect all programming languages, frameworks, and platforms here.\n\n## Moderation Approach\n\nTo maintain our community standards, we have implemented a three-tier moderation system:\n\n1. **Guidance**: For minor or first-time guideline violations, moderators will provide friendly reminders and educational guidance.\n\n2. **Warnings**: Repeated minor violations or significant first-time violations will receive formal warnings that are tracked in our system.\n\n3. **Restrictions**: Members who continue to violate guidelines after warnings may face temporary or permanent restrictions based on the severity and frequency of violations.\n\nOur moderation team strives to be fair, consistent, and transparent. All moderation decisions can be appealed through our established process detailed in the Forum Policies section.\n\n## Recognition Program\n\nTo encourage positive contributions, we\'re launching an enhanced recognition program:\n\n- **Expert Badges**: Awarded to members who consistently provide high-quality technical guidance in specific domains.\n- **Mentor Status**: Recognizing members who excel at helping beginners and creating educational content.\n- **Community Champion**: Highlighting those who foster positive community interactions beyond technical contributions.\n- **Solution Provider**: For members with a high rate of accepted solutions to technical problems.\n\nThese recognitions will be awarded monthly based on both community nominations and objective metrics.\n\n## Building Our Forum Culture Together\n\nA thriving technical community is built collectively. We invite all members to:\n\n- Lead by example in your interactions\n- Report content that violates our guidelines\n- Suggest improvements to our forum structure and policies\n- Participate in periodic community discussions about our forum\'s direction\n- Welcome and orient new members\n\nRemember that behind every username is a real person with unique experiences, knowledge, and perspectives. Our technical discussions are enhanced when we recognize and respect this diversity.\n\n## Implementation Timeline\n\n- **Immediate**: All guidelines are now in effect\n- **Next Two Weeks**: Moderation team will focus on education rather than enforcement\n- **One Month**: Full implementation of the recognition program\n- **Quarterly**: Community review of guidelines and approach\n\nThank you for being part of what makes TechHub special. Together, we can build a technical community that fosters innovation, supports professional growth, and creates an environment where everyone can contribute and learn.\n\nIf you have questions or feedback about these guidelines, please share them in the dedicated discussion thread below.\n\nSincerely,\n\nThe TechHub Admin Team','2025-04-26 12:31:30','2025-04-26 12:31:30',1,1,0,0,0,3,'Orp86B4m',1,1,2),('VY8ACDkg','Understanding React.js','yt5vZRHN','Understanding React.js','<h1 id=\"understanding-reactjs-a-comprehensive-guide-to-modern-ui-development\">Understanding React.js: A Comprehensive Guide to Modern UI Development</h1>\n<h2 id=\"introduction\">Introduction</h2>\n<p>React.js has revolutionized the way developers build user interfaces for web applications. Created by Facebook (now Meta) and released as an open-source project in 2013, React has become one of the most popular JavaScript libraries worldwide. This blog post explores what makes React so powerful, its core concepts, and best practices for modern UI development.</p>\n<h2 id=\"what-is-react\">What is React?</h2>\n<p>React is a declarative, efficient, and flexible JavaScript library for building user interfaces. Unlike full-stack frameworks, React focuses exclusively on the view layer, empowering developers to create reusable UI components that efficiently update when data changes.</p>\n<p>The library&#39;s primary features include:</p>\n<ul>\n<li><strong>Component-Based Architecture</strong>: UI elements are broken down into independent, reusable pieces</li>\n<li><strong>Virtual DOM</strong>: A lightweight in-memory representation of the real DOM for optimized rendering</li>\n<li><strong>Unidirectional Data Flow</strong>: Data flows in a single direction, making applications easier to understand</li>\n<li><strong>JSX</strong>: A syntax extension that allows you to write HTML-like code within JavaScript</li>\n</ul>\n<h2 id=\"core-react-concepts\">Core React Concepts</h2>\n<h3 id=\"components\">Components</h3>\n<p>Components are the building blocks of any React application. A component is a self-contained, reusable piece of code that encapsulates HTML, CSS, and JavaScript. There are two types of components in React:</p>\n<h4 id=\"functional-components\">Functional Components</h4>\n<pre><code class=\"language-jsx\"><span class=\"hljs-keyword\">function</span> <span class=\"hljs-title function_\">Welcome</span>(<span class=\"hljs-params\">props</span>) {\n  <span class=\"hljs-keyword\">return</span> <span class=\"language-xml\"><span class=\"hljs-tag\">&lt;<span class=\"hljs-name\">h1</span>&gt;</span>Hello, {props.name}<span class=\"hljs-tag\">&lt;/<span class=\"hljs-name\">h1</span>&gt;</span></span>;\n}\n</code></pre>\n<h4 id=\"class-components\">Class Components</h4>\n<pre><code class=\"language-jsx\"><span class=\"hljs-keyword\">class</span> <span class=\"hljs-title class_\">Welcome</span> <span class=\"hljs-keyword\">extends</span> <span class=\"hljs-title class_ inherited__\">React.Component</span> {\n  <span class=\"hljs-title function_\">render</span>(<span class=\"hljs-params\"></span>) {\n    <span class=\"hljs-keyword\">return</span> <span class=\"language-xml\"><span class=\"hljs-tag\">&lt;<span class=\"hljs-name\">h1</span>&gt;</span>Hello, {this.props.name}<span class=\"hljs-tag\">&lt;/<span class=\"hljs-name\">h1</span>&gt;</span></span>;\n  }\n}\n</code></pre>\n<p>Modern React applications primarily use functional components with hooks, as they&#39;re more concise and easier to test and maintain.</p>\n<h3 id=\"jsx\">JSX</h3>\n<p>JSX (JavaScript XML) is a syntax extension that allows you to write HTML-like code in your JavaScript files:</p>\n<pre><code class=\"language-jsx\"><span class=\"hljs-keyword\">const</span> element = <span class=\"language-xml\"><span class=\"hljs-tag\">&lt;<span class=\"hljs-name\">h1</span>&gt;</span>Hello, world!<span class=\"hljs-tag\">&lt;/<span class=\"hljs-name\">h1</span>&gt;</span></span>;\n</code></pre>\n<p>Under the hood, JSX is transformed into regular JavaScript function calls. The above code compiles to:</p>\n<pre><code class=\"language-javascript\"><span class=\"hljs-keyword\">const</span> element = <span class=\"hljs-title class_\">React</span>.<span class=\"hljs-title function_\">createElement</span>(<span class=\"hljs-string\">&#x27;h1&#x27;</span>, <span class=\"hljs-literal\">null</span>, <span class=\"hljs-string\">&#x27;Hello, world!&#x27;</span>);\n</code></pre>\n<p>JSX makes React code more readable and expressive, closely resembling the final HTML output.</p>\n<h3 id=\"props\">Props</h3>\n<p>Props (short for properties) are how components receive data from their parent:</p>\n<pre><code class=\"language-jsx\"><span class=\"hljs-keyword\">function</span> <span class=\"hljs-title function_\">UserProfile</span>(<span class=\"hljs-params\">props</span>) {\n  <span class=\"hljs-keyword\">return</span> (\n    <span class=\"language-xml\"><span class=\"hljs-tag\">&lt;<span class=\"hljs-name\">div</span>&gt;</span>\n      <span class=\"hljs-tag\">&lt;<span class=\"hljs-name\">h2</span>&gt;</span>{props.name}<span class=\"hljs-tag\">&lt;/<span class=\"hljs-name\">h2</span>&gt;</span>\n      <span class=\"hljs-tag\">&lt;<span class=\"hljs-name\">p</span>&gt;</span>Age: {props.age}<span class=\"hljs-tag\">&lt;/<span class=\"hljs-name\">p</span>&gt;</span>\n      <span class=\"hljs-tag\">&lt;<span class=\"hljs-name\">p</span>&gt;</span>Location: {props.location}<span class=\"hljs-tag\">&lt;/<span class=\"hljs-name\">p</span>&gt;</span>\n    <span class=\"hljs-tag\">&lt;/<span class=\"hljs-name\">div</span>&gt;</span></span>\n  );\n}\n\n<span class=\"hljs-comment\">// Usage</span>\n&lt;<span class=\"hljs-title class_\">UserProfile</span> name=<span class=\"hljs-string\">&quot;Jane Doe&quot;</span> age={<span class=\"hljs-number\">28</span>} location=<span class=\"hljs-string\">&quot;San Francisco&quot;</span> /&gt;\n</code></pre>\n<p>Props are read-only and help maintain the unidirectional data flow that makes React applications predictable.</p>\n<h3 id=\"state\">State</h3>\n<p>State represents data that changes over time in a component. In functional components, state is managed using the useState hook:</p>\n<pre><code class=\"language-jsx\"><span class=\"hljs-keyword\">import</span> { useState } <span class=\"hljs-keyword\">from</span> <span class=\"hljs-string\">&#x27;react&#x27;</span>;\n\n<span class=\"hljs-keyword\">function</span> <span class=\"hljs-title function_\">Counter</span>(<span class=\"hljs-params\"></span>) {\n  <span class=\"hljs-keyword\">const</span> [count, setCount] = <span class=\"hljs-title function_\">useState</span>(<span class=\"hljs-number\">0</span>);\n  \n  <span class=\"hljs-keyword\">return</span> (\n    <span class=\"language-xml\"><span class=\"hljs-tag\">&lt;<span class=\"hljs-name\">div</span>&gt;</span>\n      <span class=\"hljs-tag\">&lt;<span class=\"hljs-name\">p</span>&gt;</span>You clicked {count} times<span class=\"hljs-tag\">&lt;/<span class=\"hljs-name\">p</span>&gt;</span>\n      <span class=\"hljs-tag\">&lt;<span class=\"hljs-name\">button</span> <span class=\"hljs-attr\">onClick</span>=<span class=\"hljs-string\">{()</span> =&gt;</span> setCount(count + 1)}&gt;\n        Click me\n      <span class=\"hljs-tag\">&lt;/<span class=\"hljs-name\">button</span>&gt;</span>\n    <span class=\"hljs-tag\">&lt;/<span class=\"hljs-name\">div</span>&gt;</span></span>\n  );\n}\n</code></pre>\n<p>When state updates, React efficiently re-renders the component with the new data.</p>\n<h3 id=\"lifecycle-and-effects\">Lifecycle and Effects</h3>\n<p>React components have a lifecycle that includes mounting, updating, and unmounting phases. In functional components, the useEffect hook manages side effects and lifecycle events:</p>\n<pre><code class=\"language-jsx\"><span class=\"hljs-keyword\">import</span> { useState, useEffect } <span class=\"hljs-keyword\">from</span> <span class=\"hljs-string\">&#x27;react&#x27;</span>;\n\n<span class=\"hljs-keyword\">function</span> <span class=\"hljs-title function_\">UserStatus</span>(<span class=\"hljs-params\">{ userId }</span>) {\n  <span class=\"hljs-keyword\">const</span> [isOnline, setIsOnline] = <span class=\"hljs-title function_\">useState</span>(<span class=\"hljs-literal\">false</span>);\n  \n  <span class=\"hljs-title function_\">useEffect</span>(<span class=\"hljs-function\">() =&gt;</span> {\n    <span class=\"hljs-comment\">// Subscribe to user status updates</span>\n    <span class=\"hljs-keyword\">const</span> unsubscribe = <span class=\"hljs-title function_\">subscribeToUserStatus</span>(userId, <span class=\"hljs-function\"><span class=\"hljs-params\">status</span> =&gt;</span> {\n      <span class=\"hljs-title function_\">setIsOnline</span>(status.<span class=\"hljs-property\">online</span>);\n    });\n    \n    <span class=\"hljs-comment\">// Cleanup function runs when component unmounts</span>\n    <span class=\"hljs-keyword\">return</span> <span class=\"hljs-function\">() =&gt;</span> {\n      <span class=\"hljs-title function_\">unsubscribe</span>();\n    };\n  }, [userId]); <span class=\"hljs-comment\">// Re-run effect if userId changes</span>\n  \n  <span class=\"hljs-keyword\">return</span> (\n    <span class=\"language-xml\"><span class=\"hljs-tag\">&lt;<span class=\"hljs-name\">div</span> <span class=\"hljs-attr\">className</span>=<span class=\"hljs-string\">{isOnline</span> ? &#x27;<span class=\"hljs-attr\">online</span>&#x27; <span class=\"hljs-attr\">:</span> &#x27;<span class=\"hljs-attr\">offline</span>&#x27;}&gt;</span>\n      {isOnline ? &#x27;Online&#x27; : &#x27;Offline&#x27;}\n    <span class=\"hljs-tag\">&lt;/<span class=\"hljs-name\">div</span>&gt;</span></span>\n  );\n}\n</code></pre>\n<p>The dependency array <code>[userId]</code> tells React when to re-run the effect, optimizing performance and preventing unnecessary work.</p>\n<h2 id=\"advanced-react-patterns\">Advanced React Patterns</h2>\n<h3 id=\"context-api\">Context API</h3>\n<p>The Context API provides a way to share values between components without explicitly passing props through every level of the component tree:</p>\n<pre><code class=\"language-jsx\"><span class=\"hljs-comment\">// Creating context</span>\n<span class=\"hljs-keyword\">const</span> <span class=\"hljs-title class_\">ThemeContext</span> = <span class=\"hljs-title class_\">React</span>.<span class=\"hljs-title function_\">createContext</span>(<span class=\"hljs-string\">&#x27;light&#x27;</span>);\n\n<span class=\"hljs-comment\">// Provider component</span>\n<span class=\"hljs-keyword\">function</span> <span class=\"hljs-title function_\">App</span>(<span class=\"hljs-params\"></span>) {\n  <span class=\"hljs-keyword\">const</span> [theme, setTheme] = <span class=\"hljs-title function_\">useState</span>(<span class=\"hljs-string\">&#x27;light&#x27;</span>);\n  \n  <span class=\"hljs-keyword\">return</span> (\n    <span class=\"language-xml\"><span class=\"hljs-tag\">&lt;<span class=\"hljs-name\">ThemeContext.Provider</span> <span class=\"hljs-attr\">value</span>=<span class=\"hljs-string\">{theme}</span>&gt;</span>\n      <span class=\"hljs-tag\">&lt;<span class=\"hljs-name\">Toolbar</span> /&gt;</span>\n      <span class=\"hljs-tag\">&lt;<span class=\"hljs-name\">button</span> <span class=\"hljs-attr\">onClick</span>=<span class=\"hljs-string\">{()</span> =&gt;</span> setTheme(theme === &#x27;light&#x27; ? &#x27;dark&#x27; : &#x27;light&#x27;)}&gt;\n        Toggle Theme\n      <span class=\"hljs-tag\">&lt;/<span class=\"hljs-name\">button</span>&gt;</span>\n    <span class=\"hljs-tag\">&lt;/<span class=\"hljs-name\">ThemeContext.Provider</span>&gt;</span></span>\n  );\n}\n\n<span class=\"hljs-comment\">// Consumer component</span>\n<span class=\"hljs-keyword\">function</span> <span class=\"hljs-title function_\">ThemedButton</span>(<span class=\"hljs-params\"></span>) {\n  <span class=\"hljs-keyword\">const</span> theme = <span class=\"hljs-title function_\">useContext</span>(<span class=\"hljs-title class_\">ThemeContext</span>);\n  \n  <span class=\"hljs-keyword\">return</span> <span class=\"language-xml\"><span class=\"hljs-tag\">&lt;<span class=\"hljs-name\">button</span> <span class=\"hljs-attr\">className</span>=<span class=\"hljs-string\">{theme}</span>&gt;</span>Themed Button<span class=\"hljs-tag\">&lt;/<span class=\"hljs-name\">button</span>&gt;</span></span>;\n}\n</code></pre>\n<p>Context is ideal for global data like themes, user authentication, or language preferences.</p>\n<h3 id=\"custom-hooks\">Custom Hooks</h3>\n<p>Custom hooks allow you to extract component logic into reusable functions:</p>\n<pre><code class=\"language-jsx\"><span class=\"hljs-comment\">// Custom hook for form fields</span>\n<span class=\"hljs-keyword\">function</span> <span class=\"hljs-title function_\">useFormField</span>(<span class=\"hljs-params\">initialValue = <span class=\"hljs-string\">&#x27;&#x27;</span></span>) {\n  <span class=\"hljs-keyword\">const</span> [value, setValue] = <span class=\"hljs-title function_\">useState</span>(initialValue);\n  \n  <span class=\"hljs-keyword\">function</span> <span class=\"hljs-title function_\">handleChange</span>(<span class=\"hljs-params\">e</span>) {\n    <span class=\"hljs-title function_\">setValue</span>(e.<span class=\"hljs-property\">target</span>.<span class=\"hljs-property\">value</span>);\n  }\n  \n  <span class=\"hljs-keyword\">return</span> {\n    value,\n    <span class=\"hljs-attr\">onChange</span>: handleChange\n  };\n}\n\n<span class=\"hljs-comment\">// Usage in a component</span>\n<span class=\"hljs-keyword\">function</span> <span class=\"hljs-title function_\">SignupForm</span>(<span class=\"hljs-params\"></span>) {\n  <span class=\"hljs-keyword\">const</span> nameField = <span class=\"hljs-title function_\">useFormField</span>(<span class=\"hljs-string\">&#x27;&#x27;</span>);\n  <span class=\"hljs-keyword\">const</span> emailField = <span class=\"hljs-title function_\">useFormField</span>(<span class=\"hljs-string\">&#x27;&#x27;</span>);\n  \n  <span class=\"hljs-keyword\">return</span> (\n    <span class=\"language-xml\"><span class=\"hljs-tag\">&lt;<span class=\"hljs-name\">form</span>&gt;</span>\n      <span class=\"hljs-tag\">&lt;<span class=\"hljs-name\">input</span> <span class=\"hljs-attr\">type</span>=<span class=\"hljs-string\">&quot;text&quot;</span> <span class=\"hljs-attr\">placeholder</span>=<span class=\"hljs-string\">&quot;Name&quot;</span> {<span class=\"hljs-attr\">...nameField</span>} /&gt;</span>\n      <span class=\"hljs-tag\">&lt;<span class=\"hljs-name\">input</span> <span class=\"hljs-attr\">type</span>=<span class=\"hljs-string\">&quot;email&quot;</span> <span class=\"hljs-attr\">placeholder</span>=<span class=\"hljs-string\">&quot;Email&quot;</span> {<span class=\"hljs-attr\">...emailField</span>} /&gt;</span>\n      <span class=\"hljs-tag\">&lt;<span class=\"hljs-name\">button</span> <span class=\"hljs-attr\">type</span>=<span class=\"hljs-string\">&quot;submit&quot;</span>&gt;</span>Sign Up<span class=\"hljs-tag\">&lt;/<span class=\"hljs-name\">button</span>&gt;</span>\n    <span class=\"hljs-tag\">&lt;/<span class=\"hljs-name\">form</span>&gt;</span></span>\n  );\n}\n</code></pre>\n<p>Custom hooks promote code reusability and help separate concerns in components.</p>\n<h3 id=\"memoization\">Memoization</h3>\n<p>React provides several APIs for optimizing performance through memoization:</p>\n<ul>\n<li><code>React.memo</code>: Memoizes component rendering</li>\n<li><code>useMemo</code>: Memoizes computed values</li>\n<li><code>useCallback</code>: Memoizes callback functions</li>\n</ul>\n<pre><code class=\"language-jsx\"><span class=\"hljs-comment\">// Prevent re-renders when props don&#x27;t change</span>\n<span class=\"hljs-keyword\">const</span> <span class=\"hljs-title class_\">MemoizedComponent</span> = <span class=\"hljs-title class_\">React</span>.<span class=\"hljs-title function_\">memo</span>(<span class=\"hljs-keyword\">function</span> <span class=\"hljs-title function_\">ExpensiveComponent</span>(<span class=\"hljs-params\">props</span>) {\n  <span class=\"hljs-comment\">// Component logic</span>\n});\n\n<span class=\"hljs-keyword\">function</span> <span class=\"hljs-title function_\">ParentComponent</span>(<span class=\"hljs-params\"></span>) {\n  <span class=\"hljs-comment\">// Memoize a computed value</span>\n  <span class=\"hljs-keyword\">const</span> expensiveCalculation = <span class=\"hljs-title function_\">useMemo</span>(<span class=\"hljs-function\">() =&gt;</span> {\n    <span class=\"hljs-keyword\">return</span> <span class=\"hljs-title function_\">computeExpensiveValue</span>(a, b);\n  }, [a, b]);\n  \n  <span class=\"hljs-comment\">// Memoize a callback function</span>\n  <span class=\"hljs-keyword\">const</span> memoizedCallback = <span class=\"hljs-title function_\">useCallback</span>(<span class=\"hljs-function\">() =&gt;</span> {\n    <span class=\"hljs-title function_\">doSomething</span>(a, b);\n  }, [a, b]);\n  \n  <span class=\"hljs-keyword\">return</span> (\n    <span class=\"language-xml\"><span class=\"hljs-tag\">&lt;<span class=\"hljs-name\">MemoizedComponent</span> \n      <span class=\"hljs-attr\">value</span>=<span class=\"hljs-string\">{expensiveCalculation}</span> \n      <span class=\"hljs-attr\">onClick</span>=<span class=\"hljs-string\">{memoizedCallback}</span> \n    /&gt;</span></span>\n  );\n}\n</code></pre>\n<p>These optimizations help prevent unnecessary re-renders and calculations.</p>\n<h2 id=\"state-management-in-react\">State Management in React</h2>\n<p>While React&#39;s built-in state management works well for many applications, complex projects often benefit from additional solutions:</p>\n<h3 id=\"redux\">Redux</h3>\n<p>Redux provides predictable state management through a single store and pure reducer functions:</p>\n<pre><code class=\"language-jsx\"><span class=\"hljs-comment\">// Action creator</span>\n<span class=\"hljs-keyword\">const</span> <span class=\"hljs-title function_\">incrementCounter</span> = (<span class=\"hljs-params\"></span>) =&gt; ({\n  <span class=\"hljs-attr\">type</span>: <span class=\"hljs-string\">&#x27;INCREMENT&#x27;</span>\n});\n\n<span class=\"hljs-comment\">// Reducer</span>\n<span class=\"hljs-keyword\">function</span> <span class=\"hljs-title function_\">counterReducer</span>(<span class=\"hljs-params\">state = <span class=\"hljs-number\">0</span>, action</span>) {\n  <span class=\"hljs-keyword\">switch</span> (action.<span class=\"hljs-property\">type</span>) {\n    <span class=\"hljs-keyword\">case</span> <span class=\"hljs-string\">&#x27;INCREMENT&#x27;</span>:\n      <span class=\"hljs-keyword\">return</span> state + <span class=\"hljs-number\">1</span>;\n    <span class=\"hljs-attr\">default</span>:\n      <span class=\"hljs-keyword\">return</span> state;\n  }\n}\n\n<span class=\"hljs-comment\">// Component with Redux</span>\n<span class=\"hljs-keyword\">function</span> <span class=\"hljs-title function_\">Counter</span>(<span class=\"hljs-params\">{ count, increment }</span>) {\n  <span class=\"hljs-keyword\">return</span> (\n    <span class=\"language-xml\"><span class=\"hljs-tag\">&lt;<span class=\"hljs-name\">div</span>&gt;</span>\n      <span class=\"hljs-tag\">&lt;<span class=\"hljs-name\">p</span>&gt;</span>Count: {count}<span class=\"hljs-tag\">&lt;/<span class=\"hljs-name\">p</span>&gt;</span>\n      <span class=\"hljs-tag\">&lt;<span class=\"hljs-name\">button</span> <span class=\"hljs-attr\">onClick</span>=<span class=\"hljs-string\">{increment}</span>&gt;</span>Increment<span class=\"hljs-tag\">&lt;/<span class=\"hljs-name\">button</span>&gt;</span>\n    <span class=\"hljs-tag\">&lt;/<span class=\"hljs-name\">div</span>&gt;</span></span>\n  );\n}\n\n<span class=\"hljs-comment\">// Connect component to Redux store</span>\n<span class=\"hljs-keyword\">export</span> <span class=\"hljs-keyword\">default</span> <span class=\"hljs-title function_\">connect</span>(\n  <span class=\"hljs-function\"><span class=\"hljs-params\">state</span> =&gt;</span> ({ <span class=\"hljs-attr\">count</span>: state }),\n  { <span class=\"hljs-attr\">increment</span>: incrementCounter }\n)(<span class=\"hljs-title class_\">Counter</span>);\n</code></pre>\n<h3 id=\"react-query\">React Query</h3>\n<p>React Query simplifies data fetching and server state management:</p>\n<pre><code class=\"language-jsx\"><span class=\"hljs-keyword\">import</span> { useQuery, useMutation } <span class=\"hljs-keyword\">from</span> <span class=\"hljs-string\">&#x27;react-query&#x27;</span>;\n\n<span class=\"hljs-keyword\">function</span> <span class=\"hljs-title function_\">Users</span>(<span class=\"hljs-params\"></span>) {\n  <span class=\"hljs-comment\">// Fetch users</span>\n  <span class=\"hljs-keyword\">const</span> { data, isLoading, error } = <span class=\"hljs-title function_\">useQuery</span>(<span class=\"hljs-string\">&#x27;users&#x27;</span>, fetchUsers);\n  \n  <span class=\"hljs-comment\">// Mutation for adding a user</span>\n  <span class=\"hljs-keyword\">const</span> mutation = <span class=\"hljs-title function_\">useMutation</span>(<span class=\"hljs-function\"><span class=\"hljs-params\">newUser</span> =&gt;</span> {\n    <span class=\"hljs-keyword\">return</span> <span class=\"hljs-title function_\">fetch</span>(<span class=\"hljs-string\">&#x27;/api/users&#x27;</span>, {\n      <span class=\"hljs-attr\">method</span>: <span class=\"hljs-string\">&#x27;POST&#x27;</span>,\n      <span class=\"hljs-attr\">body</span>: <span class=\"hljs-title class_\">JSON</span>.<span class=\"hljs-title function_\">stringify</span>(newUser)\n    });\n  });\n  \n  <span class=\"hljs-keyword\">if</span> (isLoading) <span class=\"hljs-keyword\">return</span> <span class=\"language-xml\"><span class=\"hljs-tag\">&lt;<span class=\"hljs-name\">div</span>&gt;</span>Loading...<span class=\"hljs-tag\">&lt;/<span class=\"hljs-name\">div</span>&gt;</span></span>;\n  <span class=\"hljs-keyword\">if</span> (error) <span class=\"hljs-keyword\">return</span> <span class=\"language-xml\"><span class=\"hljs-tag\">&lt;<span class=\"hljs-name\">div</span>&gt;</span>Error: {error.message}<span class=\"hljs-tag\">&lt;/<span class=\"hljs-name\">div</span>&gt;</span></span>;\n  \n  <span class=\"hljs-keyword\">return</span> (\n    <span class=\"language-xml\"><span class=\"hljs-tag\">&lt;<span class=\"hljs-name\">div</span>&gt;</span>\n      <span class=\"hljs-tag\">&lt;<span class=\"hljs-name\">ul</span>&gt;</span>\n        {data.map(user =&gt; (\n          <span class=\"hljs-tag\">&lt;<span class=\"hljs-name\">li</span> <span class=\"hljs-attr\">key</span>=<span class=\"hljs-string\">{user.id}</span>&gt;</span>{user.name}<span class=\"hljs-tag\">&lt;/<span class=\"hljs-name\">li</span>&gt;</span>\n        ))}\n      <span class=\"hljs-tag\">&lt;/<span class=\"hljs-name\">ul</span>&gt;</span>\n      <span class=\"hljs-tag\">&lt;<span class=\"hljs-name\">button</span>\n        <span class=\"hljs-attr\">onClick</span>=<span class=\"hljs-string\">{()</span> =&gt;</span> {\n          mutation.mutate({ name: &#x27;New User&#x27; });\n        }}\n      &gt;\n        Add User\n      <span class=\"hljs-tag\">&lt;/<span class=\"hljs-name\">button</span>&gt;</span>\n    <span class=\"hljs-tag\">&lt;/<span class=\"hljs-name\">div</span>&gt;</span></span>\n  );\n}\n</code></pre>\n<h3 id=\"zustand\">Zustand</h3>\n<p>Zustand is a lightweight state management solution that reduces boilerplate:</p>\n<pre><code class=\"language-jsx\"><span class=\"hljs-keyword\">import</span> create <span class=\"hljs-keyword\">from</span> <span class=\"hljs-string\">&#x27;zustand&#x27;</span>;\n\n<span class=\"hljs-comment\">// Create store</span>\n<span class=\"hljs-keyword\">const</span> useStore = <span class=\"hljs-title function_\">create</span>(<span class=\"hljs-function\"><span class=\"hljs-params\">set</span> =&gt;</span> ({\n  <span class=\"hljs-attr\">bears</span>: <span class=\"hljs-number\">0</span>,\n  <span class=\"hljs-attr\">increasePopulation</span>: <span class=\"hljs-function\">() =&gt;</span> <span class=\"hljs-title function_\">set</span>(<span class=\"hljs-function\"><span class=\"hljs-params\">state</span> =&gt;</span> ({ <span class=\"hljs-attr\">bears</span>: state.<span class=\"hljs-property\">bears</span> + <span class=\"hljs-number\">1</span> })),\n  <span class=\"hljs-attr\">removeAllBears</span>: <span class=\"hljs-function\">() =&gt;</span> <span class=\"hljs-title function_\">set</span>({ <span class=\"hljs-attr\">bears</span>: <span class=\"hljs-number\">0</span> })\n}));\n\n<span class=\"hljs-comment\">// Component using store</span>\n<span class=\"hljs-keyword\">function</span> <span class=\"hljs-title function_\">BearCounter</span>(<span class=\"hljs-params\"></span>) {\n  <span class=\"hljs-keyword\">const</span> bears = <span class=\"hljs-title function_\">useStore</span>(<span class=\"hljs-function\"><span class=\"hljs-params\">state</span> =&gt;</span> state.<span class=\"hljs-property\">bears</span>);\n  <span class=\"hljs-keyword\">const</span> increasePopulation = <span class=\"hljs-title function_\">useStore</span>(<span class=\"hljs-function\"><span class=\"hljs-params\">state</span> =&gt;</span> state.<span class=\"hljs-property\">increasePopulation</span>);\n  \n  <span class=\"hljs-keyword\">return</span> (\n    <span class=\"language-xml\"><span class=\"hljs-tag\">&lt;<span class=\"hljs-name\">div</span>&gt;</span>\n      <span class=\"hljs-tag\">&lt;<span class=\"hljs-name\">h1</span>&gt;</span>{bears} Bears<span class=\"hljs-tag\">&lt;/<span class=\"hljs-name\">h1</span>&gt;</span>\n      <span class=\"hljs-tag\">&lt;<span class=\"hljs-name\">button</span> <span class=\"hljs-attr\">onClick</span>=<span class=\"hljs-string\">{increasePopulation}</span>&gt;</span>Add Bear<span class=\"hljs-tag\">&lt;/<span class=\"hljs-name\">button</span>&gt;</span>\n    <span class=\"hljs-tag\">&lt;/<span class=\"hljs-name\">div</span>&gt;</span></span>\n  );\n}\n</code></pre>\n<h2 id=\"performance-optimization\">Performance Optimization</h2>\n<p>Optimizing React applications involves several techniques:</p>\n<h3 id=\"code-splitting\">Code Splitting</h3>\n<p>Split your bundle into smaller chunks loaded on demand:</p>\n<pre><code class=\"language-jsx\"><span class=\"hljs-keyword\">import</span> { lazy, <span class=\"hljs-title class_\">Suspense</span> } <span class=\"hljs-keyword\">from</span> <span class=\"hljs-string\">&#x27;react&#x27;</span>;\n\n<span class=\"hljs-comment\">// Lazy load components</span>\n<span class=\"hljs-keyword\">const</span> <span class=\"hljs-title class_\">Dashboard</span> = <span class=\"hljs-title function_\">lazy</span>(<span class=\"hljs-function\">() =&gt;</span> <span class=\"hljs-keyword\">import</span>(<span class=\"hljs-string\">&#x27;./Dashboard&#x27;</span>));\n<span class=\"hljs-keyword\">const</span> <span class=\"hljs-title class_\">Settings</span> = <span class=\"hljs-title function_\">lazy</span>(<span class=\"hljs-function\">() =&gt;</span> <span class=\"hljs-keyword\">import</span>(<span class=\"hljs-string\">&#x27;./Settings&#x27;</span>));\n\n<span class=\"hljs-keyword\">function</span> <span class=\"hljs-title function_\">App</span>(<span class=\"hljs-params\"></span>) {\n  <span class=\"hljs-keyword\">return</span> (\n    <span class=\"language-xml\"><span class=\"hljs-tag\">&lt;<span class=\"hljs-name\">Suspense</span> <span class=\"hljs-attr\">fallback</span>=<span class=\"hljs-string\">{</span>&lt;<span class=\"hljs-attr\">div</span>&gt;</span>Loading...<span class=\"hljs-tag\">&lt;/<span class=\"hljs-name\">div</span>&gt;</span>}&gt;\n      <span class=\"hljs-tag\">&lt;<span class=\"hljs-name\">Router</span>&gt;</span>\n        <span class=\"hljs-tag\">&lt;<span class=\"hljs-name\">Route</span> <span class=\"hljs-attr\">path</span>=<span class=\"hljs-string\">&quot;/dashboard&quot;</span> <span class=\"hljs-attr\">component</span>=<span class=\"hljs-string\">{Dashboard}</span> /&gt;</span>\n        <span class=\"hljs-tag\">&lt;<span class=\"hljs-name\">Route</span> <span class=\"hljs-attr\">path</span>=<span class=\"hljs-string\">&quot;/settings&quot;</span> <span class=\"hljs-attr\">component</span>=<span class=\"hljs-string\">{Settings}</span> /&gt;</span>\n      <span class=\"hljs-tag\">&lt;/<span class=\"hljs-name\">Router</span>&gt;</span>\n    <span class=\"hljs-tag\">&lt;/<span class=\"hljs-name\">Suspense</span>&gt;</span></span>\n  );\n}\n</code></pre>\n<h3 id=\"virtualization\">Virtualization</h3>\n<p>Render only visible items in long lists using libraries like <code>react-window</code>:</p>\n<pre><code class=\"language-jsx\"><span class=\"hljs-keyword\">import</span> { <span class=\"hljs-title class_\">FixedSizeList</span> } <span class=\"hljs-keyword\">from</span> <span class=\"hljs-string\">&#x27;react-window&#x27;</span>;\n\n<span class=\"hljs-keyword\">function</span> <span class=\"hljs-title function_\">VirtualizedList</span>(<span class=\"hljs-params\">{ items }</span>) {\n  <span class=\"hljs-keyword\">const</span> <span class=\"hljs-title function_\">Row</span> = (<span class=\"hljs-params\">{ index, style }</span>) =&gt; (\n    <span class=\"language-xml\"><span class=\"hljs-tag\">&lt;<span class=\"hljs-name\">div</span> <span class=\"hljs-attr\">style</span>=<span class=\"hljs-string\">{style}</span>&gt;</span>\n      Item {items[index]}\n    <span class=\"hljs-tag\">&lt;/<span class=\"hljs-name\">div</span>&gt;</span></span>\n  );\n  \n  <span class=\"hljs-keyword\">return</span> (\n    <span class=\"language-xml\"><span class=\"hljs-tag\">&lt;<span class=\"hljs-name\">FixedSizeList</span>\n      <span class=\"hljs-attr\">height</span>=<span class=\"hljs-string\">{500}</span>\n      <span class=\"hljs-attr\">width</span>=<span class=\"hljs-string\">{300}</span>\n      <span class=\"hljs-attr\">itemCount</span>=<span class=\"hljs-string\">{items.length}</span>\n      <span class=\"hljs-attr\">itemSize</span>=<span class=\"hljs-string\">{35}</span>\n    &gt;</span>\n      {Row}\n    <span class=\"hljs-tag\">&lt;/<span class=\"hljs-name\">FixedSizeList</span>&gt;</span></span>\n  );\n}\n</code></pre>\n<h3 id=\"react-devtools-profiler\">React DevTools Profiler</h3>\n<p>Use the React DevTools Profiler to identify performance bottlenecks in your application.</p>\n<h2 id=\"testing-react-applications\">Testing React Applications</h2>\n<p>A robust testing strategy includes:</p>\n<h3 id=\"unit-testing-with-jest-and-react-testing-library\">Unit Testing with Jest and React Testing Library</h3>\n<pre><code class=\"language-jsx\"><span class=\"hljs-keyword\">import</span> { render, screen, fireEvent } <span class=\"hljs-keyword\">from</span> <span class=\"hljs-string\">&#x27;@testing-library/react&#x27;</span>;\n<span class=\"hljs-keyword\">import</span> <span class=\"hljs-title class_\">Counter</span> <span class=\"hljs-keyword\">from</span> <span class=\"hljs-string\">&#x27;./Counter&#x27;</span>;\n\n<span class=\"hljs-title function_\">test</span>(<span class=\"hljs-string\">&#x27;increments counter when button is clicked&#x27;</span>, <span class=\"hljs-function\">() =&gt;</span> {\n  <span class=\"hljs-title function_\">render</span>(<span class=\"language-xml\"><span class=\"hljs-tag\">&lt;<span class=\"hljs-name\">Counter</span> /&gt;</span></span>);\n  \n  <span class=\"hljs-comment\">// Initial state</span>\n  <span class=\"hljs-title function_\">expect</span>(screen.<span class=\"hljs-title function_\">getByText</span>(<span class=\"hljs-regexp\">/count: 0/i</span>)).<span class=\"hljs-title function_\">toBeInTheDocument</span>();\n  \n  <span class=\"hljs-comment\">// Click the button</span>\n  fireEvent.<span class=\"hljs-title function_\">click</span>(screen.<span class=\"hljs-title function_\">getByRole</span>(<span class=\"hljs-string\">&#x27;button&#x27;</span>, { <span class=\"hljs-attr\">name</span>: <span class=\"hljs-regexp\">/increment/i</span> }));\n  \n  <span class=\"hljs-comment\">// Updated state</span>\n  <span class=\"hljs-title function_\">expect</span>(screen.<span class=\"hljs-title function_\">getByText</span>(<span class=\"hljs-regexp\">/count: 1/i</span>)).<span class=\"hljs-title function_\">toBeInTheDocument</span>();\n});\n</code></pre>\n<h3 id=\"end-to-end-testing-with-cypress\">End-to-End Testing with Cypress</h3>\n<pre><code class=\"language-javascript\"><span class=\"hljs-title function_\">describe</span>(<span class=\"hljs-string\">&#x27;Counter App&#x27;</span>, <span class=\"hljs-function\">() =&gt;</span> {\n  <span class=\"hljs-title function_\">it</span>(<span class=\"hljs-string\">&#x27;increments the counter when clicked&#x27;</span>, <span class=\"hljs-function\">() =&gt;</span> {\n    cy.<span class=\"hljs-title function_\">visit</span>(<span class=\"hljs-string\">&#x27;/&#x27;</span>);\n    cy.<span class=\"hljs-title function_\">contains</span>(<span class=\"hljs-string\">&#x27;Count: 0&#x27;</span>);\n    cy.<span class=\"hljs-title function_\">contains</span>(<span class=\"hljs-string\">&#x27;Increment&#x27;</span>).<span class=\"hljs-title function_\">click</span>();\n    cy.<span class=\"hljs-title function_\">contains</span>(<span class=\"hljs-string\">&#x27;Count: 1&#x27;</span>);\n  });\n});\n</code></pre>\n<h2 id=\"modern-react-development-ecosystem\">Modern React Development Ecosystem</h2>\n<h3 id=\"tooling\">Tooling</h3>\n<ul>\n<li><strong>Create React App</strong>: Bootstrap React applications with zero configuration</li>\n<li><strong>Vite</strong>: Next-generation frontend build tool with faster development experience</li>\n<li><strong>Next.js</strong>: React framework for server-side rendering and static site generation</li>\n<li><strong>TypeScript</strong>: Add static typing to your React applications</li>\n</ul>\n<h3 id=\"component-libraries\">Component Libraries</h3>\n<ul>\n<li><strong>Material-UI</strong>: Implements Google&#39;s Material Design in React</li>\n<li><strong>Chakra UI</strong>: Accessible component library with a focus on simplicity</li>\n<li><strong>Tailwind CSS</strong>: Utility-first CSS framework for rapid UI development</li>\n</ul>\n<h2 id=\"conclusion\">Conclusion</h2>\n<p>React&#39;s component-based architecture and declarative approach have transformed frontend development. By understanding its core concepts and adopting best practices, you can build efficient, maintainable, and scalable applications.</p>\n<p>As you continue your React journey, focus on:</p>\n<ol>\n<li>Mastering functional components and hooks</li>\n<li>Understanding when and how to optimize performance</li>\n<li>Implementing appropriate state management solutions</li>\n<li>Writing testable components</li>\n<li>Staying updated with the evolving React ecosystem</li>\n</ol>\n<p>React&#39;s simplicity, flexibility, and strong community support make it an excellent choice for modern web development. Whether you&#39;re building a simple landing page or a complex enterprise application, React provides the tools and patterns to create exceptional user experiences.</p>\n<p>Happy coding!</p>\n','# Understanding React.js: A Comprehensive Guide to Modern UI Development\n\n## Introduction\n\nReact.js has revolutionized the way developers build user interfaces for web applications. Created by Facebook (now Meta) and released as an open-source project in 2013, React has become one of the most popular JavaScript libraries worldwide. This blog post explores what makes React so powerful, its core concepts, and best practices for modern UI development.\n\n## What is React?\n\nReact is a declarative, efficient, and flexible JavaScript library for building user interfaces. Unlike full-stack frameworks, React focuses exclusively on the view layer, empowering developers to create reusable UI components that efficiently update when data changes.\n\nThe library\'s primary features include:\n\n- **Component-Based Architecture**: UI elements are broken down into independent, reusable pieces\n- **Virtual DOM**: A lightweight in-memory representation of the real DOM for optimized rendering\n- **Unidirectional Data Flow**: Data flows in a single direction, making applications easier to understand\n- **JSX**: A syntax extension that allows you to write HTML-like code within JavaScript\n\n## Core React Concepts\n\n### Components\n\nComponents are the building blocks of any React application. A component is a self-contained, reusable piece of code that encapsulates HTML, CSS, and JavaScript. There are two types of components in React:\n\n#### Functional Components\n\n```jsx\nfunction Welcome(props) {\n  return <h1>Hello, {props.name}</h1>;\n}\n```\n\n#### Class Components\n\n```jsx\nclass Welcome extends React.Component {\n  render() {\n    return <h1>Hello, {this.props.name}</h1>;\n  }\n}\n```\n\nModern React applications primarily use functional components with hooks, as they\'re more concise and easier to test and maintain.\n\n### JSX\n\nJSX (JavaScript XML) is a syntax extension that allows you to write HTML-like code in your JavaScript files:\n\n```jsx\nconst element = <h1>Hello, world!</h1>;\n```\n\nUnder the hood, JSX is transformed into regular JavaScript function calls. The above code compiles to:\n\n```javascript\nconst element = React.createElement(\'h1\', null, \'Hello, world!\');\n```\n\nJSX makes React code more readable and expressive, closely resembling the final HTML output.\n\n### Props\n\nProps (short for properties) are how components receive data from their parent:\n\n```jsx\nfunction UserProfile(props) {\n  return (\n    <div>\n      <h2>{props.name}</h2>\n      <p>Age: {props.age}</p>\n      <p>Location: {props.location}</p>\n    </div>\n  );\n}\n\n// Usage\n<UserProfile name=\"Jane Doe\" age={28} location=\"San Francisco\" />\n```\n\nProps are read-only and help maintain the unidirectional data flow that makes React applications predictable.\n\n### State\n\nState represents data that changes over time in a component. In functional components, state is managed using the useState hook:\n\n```jsx\nimport { useState } from \'react\';\n\nfunction Counter() {\n  const [count, setCount] = useState(0);\n  \n  return (\n    <div>\n      <p>You clicked {count} times</p>\n      <button onClick={() => setCount(count + 1)}>\n        Click me\n      </button>\n    </div>\n  );\n}\n```\n\nWhen state updates, React efficiently re-renders the component with the new data.\n\n### Lifecycle and Effects\n\nReact components have a lifecycle that includes mounting, updating, and unmounting phases. In functional components, the useEffect hook manages side effects and lifecycle events:\n\n```jsx\nimport { useState, useEffect } from \'react\';\n\nfunction UserStatus({ userId }) {\n  const [isOnline, setIsOnline] = useState(false);\n  \n  useEffect(() => {\n    // Subscribe to user status updates\n    const unsubscribe = subscribeToUserStatus(userId, status => {\n      setIsOnline(status.online);\n    });\n    \n    // Cleanup function runs when component unmounts\n    return () => {\n      unsubscribe();\n    };\n  }, [userId]); // Re-run effect if userId changes\n  \n  return (\n    <div className={isOnline ? \'online\' : \'offline\'}>\n      {isOnline ? \'Online\' : \'Offline\'}\n    </div>\n  );\n}\n```\n\nThe dependency array `[userId]` tells React when to re-run the effect, optimizing performance and preventing unnecessary work.\n\n## Advanced React Patterns\n\n### Context API\n\nThe Context API provides a way to share values between components without explicitly passing props through every level of the component tree:\n\n```jsx\n// Creating context\nconst ThemeContext = React.createContext(\'light\');\n\n// Provider component\nfunction App() {\n  const [theme, setTheme] = useState(\'light\');\n  \n  return (\n    <ThemeContext.Provider value={theme}>\n      <Toolbar />\n      <button onClick={() => setTheme(theme === \'light\' ? \'dark\' : \'light\')}>\n        Toggle Theme\n      </button>\n    </ThemeContext.Provider>\n  );\n}\n\n// Consumer component\nfunction ThemedButton() {\n  const theme = useContext(ThemeContext);\n  \n  return <button className={theme}>Themed Button</button>;\n}\n```\n\nContext is ideal for global data like themes, user authentication, or language preferences.\n\n### Custom Hooks\n\nCustom hooks allow you to extract component logic into reusable functions:\n\n```jsx\n// Custom hook for form fields\nfunction useFormField(initialValue = \'\') {\n  const [value, setValue] = useState(initialValue);\n  \n  function handleChange(e) {\n    setValue(e.target.value);\n  }\n  \n  return {\n    value,\n    onChange: handleChange\n  };\n}\n\n// Usage in a component\nfunction SignupForm() {\n  const nameField = useFormField(\'\');\n  const emailField = useFormField(\'\');\n  \n  return (\n    <form>\n      <input type=\"text\" placeholder=\"Name\" {...nameField} />\n      <input type=\"email\" placeholder=\"Email\" {...emailField} />\n      <button type=\"submit\">Sign Up</button>\n    </form>\n  );\n}\n```\n\nCustom hooks promote code reusability and help separate concerns in components.\n\n### Memoization\n\nReact provides several APIs for optimizing performance through memoization:\n\n- `React.memo`: Memoizes component rendering\n- `useMemo`: Memoizes computed values\n- `useCallback`: Memoizes callback functions\n\n```jsx\n// Prevent re-renders when props don\'t change\nconst MemoizedComponent = React.memo(function ExpensiveComponent(props) {\n  // Component logic\n});\n\nfunction ParentComponent() {\n  // Memoize a computed value\n  const expensiveCalculation = useMemo(() => {\n    return computeExpensiveValue(a, b);\n  }, [a, b]);\n  \n  // Memoize a callback function\n  const memoizedCallback = useCallback(() => {\n    doSomething(a, b);\n  }, [a, b]);\n  \n  return (\n    <MemoizedComponent \n      value={expensiveCalculation} \n      onClick={memoizedCallback} \n    />\n  );\n}\n```\n\nThese optimizations help prevent unnecessary re-renders and calculations.\n\n## State Management in React\n\nWhile React\'s built-in state management works well for many applications, complex projects often benefit from additional solutions:\n\n### Redux\n\nRedux provides predictable state management through a single store and pure reducer functions:\n\n```jsx\n// Action creator\nconst incrementCounter = () => ({\n  type: \'INCREMENT\'\n});\n\n// Reducer\nfunction counterReducer(state = 0, action) {\n  switch (action.type) {\n    case \'INCREMENT\':\n      return state + 1;\n    default:\n      return state;\n  }\n}\n\n// Component with Redux\nfunction Counter({ count, increment }) {\n  return (\n    <div>\n      <p>Count: {count}</p>\n      <button onClick={increment}>Increment</button>\n    </div>\n  );\n}\n\n// Connect component to Redux store\nexport default connect(\n  state => ({ count: state }),\n  { increment: incrementCounter }\n)(Counter);\n```\n\n### React Query\n\nReact Query simplifies data fetching and server state management:\n\n```jsx\nimport { useQuery, useMutation } from \'react-query\';\n\nfunction Users() {\n  // Fetch users\n  const { data, isLoading, error } = useQuery(\'users\', fetchUsers);\n  \n  // Mutation for adding a user\n  const mutation = useMutation(newUser => {\n    return fetch(\'/api/users\', {\n      method: \'POST\',\n      body: JSON.stringify(newUser)\n    });\n  });\n  \n  if (isLoading) return <div>Loading...</div>;\n  if (error) return <div>Error: {error.message}</div>;\n  \n  return (\n    <div>\n      <ul>\n        {data.map(user => (\n          <li key={user.id}>{user.name}</li>\n        ))}\n      </ul>\n      <button\n        onClick={() => {\n          mutation.mutate({ name: \'New User\' });\n        }}\n      >\n        Add User\n      </button>\n    </div>\n  );\n}\n```\n\n### Zustand\n\nZustand is a lightweight state management solution that reduces boilerplate:\n\n```jsx\nimport create from \'zustand\';\n\n// Create store\nconst useStore = create(set => ({\n  bears: 0,\n  increasePopulation: () => set(state => ({ bears: state.bears + 1 })),\n  removeAllBears: () => set({ bears: 0 })\n}));\n\n// Component using store\nfunction BearCounter() {\n  const bears = useStore(state => state.bears);\n  const increasePopulation = useStore(state => state.increasePopulation);\n  \n  return (\n    <div>\n      <h1>{bears} Bears</h1>\n      <button onClick={increasePopulation}>Add Bear</button>\n    </div>\n  );\n}\n```\n\n## Performance Optimization\n\nOptimizing React applications involves several techniques:\n\n### Code Splitting\n\nSplit your bundle into smaller chunks loaded on demand:\n\n```jsx\nimport { lazy, Suspense } from \'react\';\n\n// Lazy load components\nconst Dashboard = lazy(() => import(\'./Dashboard\'));\nconst Settings = lazy(() => import(\'./Settings\'));\n\nfunction App() {\n  return (\n    <Suspense fallback={<div>Loading...</div>}>\n      <Router>\n        <Route path=\"/dashboard\" component={Dashboard} />\n        <Route path=\"/settings\" component={Settings} />\n      </Router>\n    </Suspense>\n  );\n}\n```\n\n### Virtualization\n\nRender only visible items in long lists using libraries like `react-window`:\n\n```jsx\nimport { FixedSizeList } from \'react-window\';\n\nfunction VirtualizedList({ items }) {\n  const Row = ({ index, style }) => (\n    <div style={style}>\n      Item {items[index]}\n    </div>\n  );\n  \n  return (\n    <FixedSizeList\n      height={500}\n      width={300}\n      itemCount={items.length}\n      itemSize={35}\n    >\n      {Row}\n    </FixedSizeList>\n  );\n}\n```\n\n### React DevTools Profiler\n\nUse the React DevTools Profiler to identify performance bottlenecks in your application.\n\n## Testing React Applications\n\nA robust testing strategy includes:\n\n### Unit Testing with Jest and React Testing Library\n\n```jsx\nimport { render, screen, fireEvent } from \'@testing-library/react\';\nimport Counter from \'./Counter\';\n\ntest(\'increments counter when button is clicked\', () => {\n  render(<Counter />);\n  \n  // Initial state\n  expect(screen.getByText(/count: 0/i)).toBeInTheDocument();\n  \n  // Click the button\n  fireEvent.click(screen.getByRole(\'button\', { name: /increment/i }));\n  \n  // Updated state\n  expect(screen.getByText(/count: 1/i)).toBeInTheDocument();\n});\n```\n\n### End-to-End Testing with Cypress\n\n```javascript\ndescribe(\'Counter App\', () => {\n  it(\'increments the counter when clicked\', () => {\n    cy.visit(\'/\');\n    cy.contains(\'Count: 0\');\n    cy.contains(\'Increment\').click();\n    cy.contains(\'Count: 1\');\n  });\n});\n```\n\n## Modern React Development Ecosystem\n\n### Tooling\n\n- **Create React App**: Bootstrap React applications with zero configuration\n- **Vite**: Next-generation frontend build tool with faster development experience\n- **Next.js**: React framework for server-side rendering and static site generation\n- **TypeScript**: Add static typing to your React applications\n\n### Component Libraries\n\n- **Material-UI**: Implements Google\'s Material Design in React\n- **Chakra UI**: Accessible component library with a focus on simplicity\n- **Tailwind CSS**: Utility-first CSS framework for rapid UI development\n\n## Conclusion\n\nReact\'s component-based architecture and declarative approach have transformed frontend development. By understanding its core concepts and adopting best practices, you can build efficient, maintainable, and scalable applications.\n\nAs you continue your React journey, focus on:\n\n1. Mastering functional components and hooks\n2. Understanding when and how to optimize performance\n3. Implementing appropriate state management solutions\n4. Writing testable components\n5. Staying updated with the evolving React ecosystem\n\nReact\'s simplicity, flexibility, and strong community support make it an excellent choice for modern web development. Whether you\'re building a simple landing page or a complex enterprise application, React provides the tools and patterns to create exceptional user experiences.\n\nHappy coding!','2025-04-26 13:39:51','2025-04-26 13:39:51',1,0,0,0,0,3,'uhvN8A4E',0,1,2);
/*!40000 ALTER TABLE `article` ENABLE KEYS */;
UNLOCK TABLES;

--
-- Table structure for table `attention`
--

DROP TABLE IF EXISTS `attention`;
/*!40101 SET @saved_cs_client     = @@character_set_client */;
/*!50503 SET character_set_client = utf8mb4 */;
CREATE TABLE `attention` (
  `id` char(8) NOT NULL DEFAULT '' COMMENT 'Follow record ID',
  `from_id` char(8) NOT NULL DEFAULT '' COMMENT 'ID of the user who followed',
  `to_id` char(8) NOT NULL DEFAULT '' COMMENT 'ID of the user being followed',
  `create_time` datetime NOT NULL COMMENT 'Follow time',
  PRIMARY KEY (`id`)
) ENGINE=InnoDB DEFAULT CHARSET=utf8mb3;
/*!40101 SET character_set_client = @saved_cs_client */;

--
-- Dumping data for table `attention`
--

LOCK TABLES `attention` WRITE;
/*!40000 ALTER TABLE `attention` DISABLE KEYS */;
INSERT INTO `attention` VALUES ('b72EO9v5','AVoZg05l','ydETHfgX','2025-04-26 12:33:10');
/*!40000 ALTER TABLE `attention` ENABLE KEYS */;
UNLOCK TABLES;

--
-- Table structure for table `category`
--

DROP TABLE IF EXISTS `category`;
/*!40101 SET @saved_cs_client     = @@character_set_client */;
/*!50503 SET character_set_client = utf8mb4 */;
CREATE TABLE `category` (
  `id` char(8) NOT NULL DEFAULT '' COMMENT 'Category ID',
  `name` varchar(16) NOT NULL DEFAULT '' COMMENT 'Category name',
  `sort` int NOT NULL DEFAULT '0' COMMENT 'Category sort order',
  PRIMARY KEY (`id`)
) ENGINE=InnoDB DEFAULT CHARSET=utf8mb3;
/*!40101 SET character_set_client = @saved_cs_client */;

--
-- Dumping data for table `category`
--

LOCK TABLES `category` WRITE;
/*!40000 ALTER TABLE `category` DISABLE KEYS */;
INSERT INTO `category` VALUES ('2GBLELNi','Java',0),('7B49P0PI','Tools',0),('bD1EFCNs','Android',0),('FfFbirpg','Others',0),('Orp86B4m','Announcements',2),('OwhISL8D','C++',0),('QfHTNH1W','Activities',0),('tm3xVciu','Backend',0),('uhvN8A4E','Frontend',1);
/*!40000 ALTER TABLE `category` ENABLE KEYS */;
UNLOCK TABLES;

--
-- Table structure for table `collect`
--

DROP TABLE IF EXISTS `collect`;
/*!40101 SET @saved_cs_client     = @@character_set_client */;
/*!50503 SET character_set_client = utf8mb4 */;
CREATE TABLE `collect` (
  `id` char(8) NOT NULL DEFAULT '' COMMENT 'Collect record ID',
  `user_id` char(8) NOT NULL DEFAULT '' COMMENT 'ID of the user who collected',
  `article_id` char(8) NOT NULL DEFAULT '' COMMENT 'ID of the collected article',
  `create_time` datetime NOT NULL COMMENT 'Collect time',
  PRIMARY KEY (`id`)
) ENGINE=InnoDB DEFAULT CHARSET=utf8mb3;
/*!40101 SET character_set_client = @saved_cs_client */;

--
-- Dumping data for table `collect`
--

LOCK TABLES `collect` WRITE;
/*!40000 ALTER TABLE `collect` DISABLE KEYS */;
/*!40000 ALTER TABLE `collect` ENABLE KEYS */;
UNLOCK TABLES;

--
-- Table structure for table `comment`
--

DROP TABLE IF EXISTS `comment`;
/*!40101 SET @saved_cs_client     = @@character_set_client */;
/*!50503 SET character_set_client = utf8mb4 */;
CREATE TABLE `comment` (
  `id` char(8) NOT NULL DEFAULT '' COMMENT 'Comment ID',
  `from_id` char(8) NOT NULL DEFAULT '' COMMENT 'Comment author user ID',
  `to_id` char(8) NOT NULL DEFAULT '' COMMENT 'ID of the user being replied to',
  `parent_id` char(8) NOT NULL DEFAULT '' COMMENT 'Parent comment ID',
  `article_id` char(8) NOT NULL DEFAULT '' COMMENT 'ID of the article the comment belongs to',
  `content` varchar(512) NOT NULL DEFAULT '' COMMENT 'Comment content',
  `type` int NOT NULL DEFAULT '1' COMMENT 'Comment type: 1=Post; 2=Reply',
  `pick` int NOT NULL DEFAULT '1' COMMENT 'Is accepted: 1=No; 2=Yes',
  `create_time` datetime NOT NULL COMMENT 'Comment time',
  PRIMARY KEY (`id`)
) ENGINE=InnoDB DEFAULT CHARSET=utf8mb3;
/*!40101 SET character_set_client = @saved_cs_client */;

--
-- Dumping data for table `comment`
--

LOCK TABLES `comment` WRITE;
/*!40000 ALTER TABLE `comment` DISABLE KEYS */;
INSERT INTO `comment` VALUES ('CkrNWluX','yt5vZRHN','','','AyqEbja8','Thank you for your wonderful technical sharing!',1,1,'2025-04-26 12:24:16'),('hHvUXDPO','AVoZg05l','','','AyqEbja8','awesome',1,1,'2025-04-26 12:33:35');
/*!40000 ALTER TABLE `comment` ENABLE KEYS */;
UNLOCK TABLES;

--
-- Table structure for table `likes`
--

DROP TABLE IF EXISTS `likes`;
/*!40101 SET @saved_cs_client     = @@character_set_client */;
/*!50503 SET character_set_client = utf8mb4 */;
CREATE TABLE `likes` (
  `id` char(8) NOT NULL DEFAULT '' COMMENT 'Like ID',
  `user_id` char(8) NOT NULL DEFAULT '' COMMENT 'ID of the user who liked',
  `article_id` char(8) NOT NULL DEFAULT '' COMMENT 'ID of the liked article',
  `create_time` datetime NOT NULL COMMENT 'Like time',
  PRIMARY KEY (`id`)
) ENGINE=InnoDB DEFAULT CHARSET=utf8mb3;
/*!40101 SET character_set_client = @saved_cs_client */;

--
-- Dumping data for table `likes`
--

LOCK TABLES `likes` WRITE;
/*!40000 ALTER TABLE `likes` DISABLE KEYS */;
INSERT INTO `likes` VALUES ('o6GpjrWC','AVoZg05l','AyqEbja8','2025-04-26 12:33:20'),('QgwC50Qc','yt5vZRHN','AyqEbja8','2025-04-26 12:24:27'),('SHNd1sOA','yt5vZRHN','0ckWQw1K','2025-04-26 05:20:51');
/*!40000 ALTER TABLE `likes` ENABLE KEYS */;
UNLOCK TABLES;

--
-- Table structure for table `tag`
--

DROP TABLE IF EXISTS `tag`;
/*!40101 SET @saved_cs_client     = @@character_set_client */;
/*!50503 SET character_set_client = utf8mb4 */;
CREATE TABLE `tag` (
  `id` char(8) NOT NULL DEFAULT '' COMMENT 'Tag ID',
  `name` varchar(16) NOT NULL DEFAULT '' COMMENT 'Tag name',
  PRIMARY KEY (`id`)
) ENGINE=InnoDB DEFAULT CHARSET=utf8mb3;
/*!40101 SET character_set_client = @saved_cs_client */;

--
-- Dumping data for table `tag`
--

LOCK TABLES `tag` WRITE;
/*!40000 ALTER TABLE `tag` DISABLE KEYS */;
INSERT INTO `tag` VALUES ('bSFSl2Wa','React'),('f8GAjYzG','Announcements'),('MzEWrjmX','Java'),('SVDKsqkx','Database');
/*!40000 ALTER TABLE `tag` ENABLE KEYS */;
UNLOCK TABLES;

--
-- Table structure for table `tag_item`
--

DROP TABLE IF EXISTS `tag_item`;
/*!40101 SET @saved_cs_client     = @@character_set_client */;
/*!50503 SET character_set_client = utf8mb4 */;
CREATE TABLE `tag_item` (
  `id` char(8) NOT NULL DEFAULT '' COMMENT 'Tag item ID',
  `tag_id` char(8) NOT NULL DEFAULT '' COMMENT 'ID of the tag',
  `article_id` char(8) NOT NULL DEFAULT '' COMMENT 'ID of the article',
  PRIMARY KEY (`id`)
) ENGINE=InnoDB DEFAULT CHARSET=utf8mb3;
/*!40101 SET character_set_client = @saved_cs_client */;

--
-- Dumping data for table `tag_item`
--

LOCK TABLES `tag_item` WRITE;
/*!40000 ALTER TABLE `tag_item` DISABLE KEYS */;
INSERT INTO `tag_item` VALUES ('5gkqhrxR','SVDKsqkx','BMxJs3PB'),('hcap1KOx','f8GAjYzG','nlepthM9'),('IV53fj5f','bSFSl2Wa','VY8ACDkg'),('L8kZJok7','MzEWrjmX','5HLcEkTi'),('meKO2Kpk','SVDKsqkx','AyqEbja8'),('vBEFjYVU','SVDKsqkx','lbRwsmQX');
/*!40000 ALTER TABLE `tag_item` ENABLE KEYS */;
UNLOCK TABLES;

--
-- Table structure for table `user`
--

DROP TABLE IF EXISTS `user`;
/*!40101 SET @saved_cs_client     = @@character_set_client */;
/*!50503 SET character_set_client = utf8mb4 */;
CREATE TABLE `user` (
  `id` char(8) NOT NULL DEFAULT '' COMMENT 'User ID',
  `username` varchar(8) NOT NULL DEFAULT '' COMMENT 'User nickname',
  `password` varchar(16) NOT NULL DEFAULT '' COMMENT 'User password',
  `role_id` int NOT NULL DEFAULT '1' COMMENT 'Role ID: 1=Regular user; 2=Admin',
  `register_time` datetime NOT NULL COMMENT 'Registration time',
  `sex` int NOT NULL DEFAULT '3' COMMENT 'User gender: 1=Male; 2=Female; 3=Unknown',
  `head_pic` varchar(256) NOT NULL DEFAULT 'common/no_image.jpg' COMMENT 'User avatar',
  `phone` char(11) NOT NULL DEFAULT '' COMMENT 'Phone number',
  `info` varchar(64) NOT NULL DEFAULT '' COMMENT 'Personal introduction',
  PRIMARY KEY (`id`)
) ENGINE=InnoDB DEFAULT CHARSET=utf8mb3;
/*!40101 SET character_set_client = @saved_cs_client */;

--
-- Dumping data for table `user`
--

LOCK TABLES `user` WRITE;
/*!40000 ALTER TABLE `user` DISABLE KEYS */;
INSERT INTO `user` VALUES ('AVoZg05l','admin','123456',2,'2025-04-26 12:26:02',1,'20250426/1745641669448.png','19121826650','admin'),('PHHKTKXh','Mike','123456',1,'2025-04-26 13:50:31',1,'common/no_image.jpg','19121826578',''),('ydETHfgX','Lucas','123456',1,'2025-04-26 08:35:13',1,'20250425/1745627773697.jpeg','19121776650',''),('yt5vZRHN','stephen','pzh20000506',1,'2025-04-26 05:17:02',1,'20250426/1745646441632.jpeg','19121726650','123');
/*!40000 ALTER TABLE `user` ENABLE KEYS */;
UNLOCK TABLES;
/*!40103 SET TIME_ZONE=@OLD_TIME_ZONE */;

/*!40101 SET SQL_MODE=@OLD_SQL_MODE */;
/*!40014 SET FOREIGN_KEY_CHECKS=@OLD_FOREIGN_KEY_CHECKS */;
/*!40014 SET UNIQUE_CHECKS=@OLD_UNIQUE_CHECKS */;
/*!40101 SET CHARACTER_SET_CLIENT=@OLD_CHARACTER_SET_CLIENT */;
/*!40101 SET CHARACTER_SET_RESULTS=@OLD_CHARACTER_SET_RESULTS */;
/*!40101 SET COLLATION_CONNECTION=@OLD_COLLATION_CONNECTION */;
/*!40111 SET SQL_NOTES=@OLD_SQL_NOTES */;

-- Dump completed on 2025-04-26  2:17:19
